id,title,description,availability,condition,price,link,image_link,brand
3,Pioneer DEH-S1052UB Radio CD Player,"in dash car radio with FM, CD, front USB & AUX Input",In Stock,new,7500,http://amanivehiclesounds.co.ke/product/pioneer-deh-s1052ub-radio-cd-player,http://amanivehiclesounds.co.ke/uploads/product/Pioneer DEH-S1052UB-Radio-CD-Player-001.png,Pioneer
4,Pioneer DEH-S4250BT Bluetooth Radio,"Car Stereo with Dual Bluetooth, Spotify Connect, Siri Eyes Free & USB port.",In Stock,new,12000,http://amanivehiclesounds.co.ke/product/pioneer-deh-s4250bt-bluetooth-radio,http://amanivehiclesounds.co.ke/uploads/product/Pioneer-DEH-S4250BT-Car-Radio-With-Bluetooth-001.png,Pioneer
5,Pioneer DVH-345UB car DVD Player.,Car Stereo with DVD/CD Player & front USB,In Stock,new,13500,http://amanivehiclesounds.co.ke/product/pioneer-dvh-345ub-car-dvd-player,http://amanivehiclesounds.co.ke/uploads/product/Pioneer-DVH-345UB-Car-Radio-with-Fm-&-DVD-player-001.png,Pioneer
6,Pioneer DEH-X7850BT Car Radio,"Car Stereo with Dual Bluetooth, Dual USB, Spotify, Smartphone connectivity & Siri Eyes Free",Out of Stock,new,13000,http://amanivehiclesounds.co.ke/product/pioneer-deh-x7850bt-car-radio,http://amanivehiclesounds.co.ke/uploads/product/Pioneer-DEH-X7850BT-In-Dash-Car-Radio-with-Bluetooth-001.png,Pioneer
7,Pioneer MVH-S305BT Car Stereo,"Car stereo with Bluetooth, Spotify and Siri eyes free",Out of Stock,new,8500,http://amanivehiclesounds.co.ke/product/pioneer-mvh-s305bt-car-stereo,http://amanivehiclesounds.co.ke/uploads/product/Pioneer-MVH-S305BT-Car-Stereo-with-Bluetooth-hands-free-Calling-001.png,Pioneer
8,Pioneer FH-S525BT Car Audio Receiver,"Double-DIN Audio Receiver with MIXTRAX, Built-in Bluetooth, USB Direct Control for iPod/iPhone and Certain Android Phones",In Stock,new,13500,http://amanivehiclesounds.co.ke/product/pioneer-fh-s525bt-car-audio-receiver,http://amanivehiclesounds.co.ke/uploads/product/Pioneer-FH-S525BT-Car-Audio-Receiver-001.png,Pioneer
9,Pioneer AVH-A105DVD Car Radio DVD player,in-Dash Double-DIN DVD Multimedia AV Receiver with 6.2? WVGA Touchscreen Display and Direct Control for iPod/iPhone,Out of Stock,new,17500,http://amanivehiclesounds.co.ke/product/pioneer-avh-a105dvd-car-radio-dvd-player,http://amanivehiclesounds.co.ke/uploads/product/Pioneer-AVH-A105DVD-Car-Radio-DVD-player-001.png,Pioneer
10,Pioneer 2-Din Car Stereo AVH-A215BT,"Pioneer AVH-A215BT Car radio with DVD CD Player, USB, Bluetooth, android Mirroring",In Stock,new,20000,http://amanivehiclesounds.co.ke/product/pioneer-2-din-car-stereo-avh-a215bt,"http://amanivehiclesounds.co.ke/uploads/product/Pioneer-Car-Stereo-AVH-A215BT-with-Bluetooth,-USB,DVD-Player-.-001.png",Pioneer
11,Pioneer AVH-X395BT DVD Player Radio,"Stereo With app Radio Mode, built in Bluetooth, DVD & direct control for iphone/ipod",Out of Stock,new,23000,http://amanivehiclesounds.co.ke/product/pioneer-avh-x395bt-dvd-player-radio,http://amanivehiclesounds.co.ke/uploads/product/Pioneer-AVH-X395BT-Car-Radio-With-Bluetooth-USB-DVD-Player.-001.png,Pioneer
12,Pioneer AVH-Z2250BT,"Car Radio stereo With Spotify, apple car play, Siri eyes free & Dual Bluetooth",In Stock,new,29999,http://amanivehiclesounds.co.ke/product/pioneer-avh-z2250bt,http://amanivehiclesounds.co.ke/uploads/product/Pioneer-AVH-Z2250BT--Car-Radio-with-Bluetooth-001.png,Pioneer
13,Pioneer AVH-Z7250BT Retractable radio,"One Din Radio Touch-screen Multimedia player with Apple CarPlay, Android Auto & Bluetooth",In Stock,new,38000,http://amanivehiclesounds.co.ke/product/pioneer-avh-z7250bt-retractable-radio,http://amanivehiclesounds.co.ke/uploads/product/Pioneer-AVH-Z7250BT-pioneer-Car-radio-system-with-Android-Auto-001.png,Pioneer
14,Pioneer AVH-Z5250BT Stereo with Navigation,"Touch-screen Multimedia player with Apple CarPlay, Android Auto & Bluetooth",In Stock,new,37000,http://amanivehiclesounds.co.ke/product/pioneer-avh-z5250bt-stereo-with-navigation,http://amanivehiclesounds.co.ke/uploads/product/Pioneer-AVH-Z5250BT-Stereo-with-Navigation-001.png,Pioneer
15,Pioneer AVH-ZL5150BT TOYOTA Car Stereo,"200mm Touch-screen Multimedia player with Apple CarPlay, Android Auto & Bluetooth.",In Stock,new,47000,http://amanivehiclesounds.co.ke/product/pioneer-avh-zl5150bt-toyota-car-stereo,http://amanivehiclesounds.co.ke/uploads/product/Pioneer-AVH-ZL5150BT-TOYOTA-Car-Stereo-001.png,Pioneer
16,Pioneer Car Stereo with Navigation,"AVH-X8850BT Touch-screen Multimedia player with Apple Carplay, Android Auto & Bluetooth, Detachable face panel.",In Stock,new,48000,http://amanivehiclesounds.co.ke/product/pioneer-car-stereo-with-navigation,http://amanivehiclesounds.co.ke/uploads/product/Pioneer-AVH-X8850BT-Car-Stereo-with-Inbuilt-Navigation-Maps-001.png,Pioneer
17,Pioneer AVH-Z9250BT Car Android Radio,"Double-DIN DVD Multimedia AV Receiver with 7"" WVGA Touchscreen display, Built-in Wi-Fi , HDMI, Apple Carplay™ wireless and Android Auto",Out of Stock,new,64000,http://amanivehiclesounds.co.ke/product/pioneer-avh-z9250bt-car-android-radio,http://amanivehiclesounds.co.ke/uploads/product/Pioneer-AVH-Z9250BT-Car-Android-Radio-With-HDMI-Port-001.png,Pioneer
18,"Pioneer TS-R1051S 4"" car speakers",210w 10cm 3-way Coaxial Vehicle Car Audio Speakers System,In Stock,new,2500,http://amanivehiclesounds.co.ke/product/pioneer-ts-r1051s-4-car-speakers,"http://amanivehiclesounds.co.ke/uploads/product/Pioneer-TS-R1051S-4""-car-speakers-001.png",Pioneer
19,"4"" Pioneer Dashboard Car Speakers",Pioneer TS-G1010F 10cm Dual Cone Speakers (190W),In Stock,new,2500,http://amanivehiclesounds.co.ke/product/4-pioneer-dashboard-car-speakers,"http://amanivehiclesounds.co.ke/uploads/product/4""-Pioneer-Dashboard-Car-Speakers-001.png",Pioneer
20,Pioneer TS-G1615R car door speakers,16 cm Dual cone Car speaker 230 Watts,Out of Stock,new,2800,http://amanivehiclesounds.co.ke/product/pioneer-ts-g1615r-car-door-speakers,http://amanivehiclesounds.co.ke/uploads/product/Pioneer-TS-G1615R-car-door-speakers-001.png,Pioneer
21,Pioneer TS-G1610F mid-range Speakers,"6 inch car Speaker, 280 Watts",In Stock,new,2800,http://amanivehiclesounds.co.ke/product/pioneer-ts-g1610f-mid-range-speakers,http://amanivehiclesounds.co.ke/uploads/product/Pioneer-TS-G1610F-mid-range-Speakers-001.png,Pioneer
22,Pioneer TS-R6951S Oval Car Speakers,6? x 9? 3-Way Speaker 400Watts Car Speakers,In Stock,new,4500,http://amanivehiclesounds.co.ke/product/pioneer-ts-r6951s-oval-car-speakers,http://amanivehiclesounds.co.ke/uploads/product/Pioneer-TS-R6951S-Oval-Car-Speakers-001.jpg,Pioneer
23,Pioneer TS-A6966S Car Midrange,3 Way Speakers 6x9 inch Black,In Stock,new,5000,http://amanivehiclesounds.co.ke/product/pioneer-ts-a6966s-car-midrange,http://amanivehiclesounds.co.ke/uploads/product/Pioneer-TS-A6966S-Car-Midrange-001.png,Pioneer
24,PIONEER TS-A6976S Car Speakers - Oval,6? x 9? 3-way Car Speaker System 550 Watts.,In Stock,new,6000,http://amanivehiclesounds.co.ke/product/pioneer-ts-a6976s-car-speakers-oval,http://amanivehiclesounds.co.ke/uploads/product/PIONEER-TS-A6976S-Car-Speakers---Oval-001.png,Pioneer
25,"PIONEER TS-7150F 7"" * 10"" Midrange",500 Watts Champion Series car Speakers,In Stock,new,10499,http://amanivehiclesounds.co.ke/product/pioneer-ts-7150f-7-10-midrange,"http://amanivehiclesounds.co.ke/uploads/product/PIONEER-TS-7150F-7""-*-10""-Midrange-001.png",Pioneer
26,PIONEER TS-A2503i 10 Inch Car Speaker,25 cm 3-way car  speaker 420 Watts,In Stock,new,12000,http://amanivehiclesounds.co.ke/product/pioneer-ts-a2503i-10-inch-car-speaker,http://amanivehiclesounds.co.ke/uploads/product/PIONEER-TS-A2503i-10-Inch-Car-Speaker-001.png,Pioneer
27,PIONEER TS-A250D4,"10 "" 1300 Watts 4 ohms car Bass Speaker.",In Stock,new,6000,http://amanivehiclesounds.co.ke/product/pioneer-ts-a250d4,http://amanivehiclesounds.co.ke/uploads/product/PIONEER-TS-A250D4-001.png,Pioneer
28,Pioneers TS-Z10LS2 Shallow Mount Subw,"10"" Single 2 ohms Voice Coil shallow mount Sub woofer",In Stock,new,16000,http://amanivehiclesounds.co.ke/product/pioneers-ts-z10ls2-shallow-mount-subw,http://amanivehiclesounds.co.ke/uploads/product/Pioneers-TS-Z10LS2-Shallow-Mount-Subw-001.png,Pioneer
29,pioneer TS-W306R Car Bass Speaker,350 Watts RMS Car Sub woofer with Powerful Bass,Out of Stock,new,5499,http://amanivehiclesounds.co.ke/product/pioneer-ts-w306r-car-bass-speaker,http://amanivehiclesounds.co.ke/uploads/product/pioneer-TS-W306R-Car-Bass-Speaker-001.png,Pioneer
30,Pioneer TS-300S4 Bass Speaker,"30cm, Champion Series Car Subwoofer 1400 Watts.",In Stock,new,6000,http://amanivehiclesounds.co.ke/product/pioneer-ts-300s4-bass-speaker,http://amanivehiclesounds.co.ke/uploads/product/Pioneer-TS-300S4-Bass-Speaker-001.png,Pioneer
31,Pioneer TS-W311D4 double coil Speaker,"Champion Series 12"" subwoofer with dual 4-ohm voice coils",Out of Stock,new,8000,http://amanivehiclesounds.co.ke/product/pioneer-ts-w311d4-double-coil-speaker,http://amanivehiclesounds.co.ke/uploads/product/Pioneer-TS-W311D4-double-coil-Speaker-001.png,Pioneer
32,Pioneer Shallow mount Subwoofer,"12"" Shallow-Mount Subwoofer with 1,500 Watts Max. Power",In Stock,new,14000,http://amanivehiclesounds.co.ke/product/pioneer-shallow-mount-subwoofer,http://amanivehiclesounds.co.ke/uploads/product/Pioneer-Shallow-mount-Subwoofer-001.png,Pioneer
33,Pioneer TS-W3003D4 Dual Coil Speaker,"Champion Series PRO Subwoofer with Dual 4 ? Voice Coils and 2,000 Watts Max Power. (600 Watts Nominal)",In Stock,new,12000,http://amanivehiclesounds.co.ke/product/pioneer-ts-w3003d4-dual-coil-speaker,http://amanivehiclesounds.co.ke/uploads/product/Pioneer-TS-W3003D4-Dual-Coil-Speaker-001.png,Pioneer
34,Pioneer TS-D12D4 Double Coil,"12"" subwoofer with dual 4-ohm voice coils speaker",In Stock,new,10000,http://amanivehiclesounds.co.ke/product/pioneer-ts-d12d4-double-coil,http://amanivehiclesounds.co.ke/uploads/product/Pioneer-TS-D12D4-Double-Coil-001.png,Pioneer
35,Pioneer TS-WX306B preloaded Subwoofer,"30cm (12"") 1300 watt Bass-Reflex Box with Subwoofer",In Stock,new,15000,http://amanivehiclesounds.co.ke/product/pioneer-ts-wx306b-preloaded-subwoofer,http://amanivehiclesounds.co.ke/uploads/product/Pioneer-TS-WX306B-preloaded-Subwoofer-001.png,Pioneer
36,Pioneer TS-WX306T Bass Tube Subwoofer,"1300 watts 12"" Car bass tube",Out of Stock,new,12500,http://amanivehiclesounds.co.ke/product/pioneer-ts-wx306t-bass-tube-subwoofer,http://amanivehiclesounds.co.ke/uploads/product/Pioneer-TS-WX306T-Bass-Tube-Subwoofer-001.png,Pioneer
37,Pioneer TS-WX300TA Powered Subwoofer,12? 1300w Sub & Amp Bass tube Car Amplified Subwoofer,In Stock,new,24000,http://amanivehiclesounds.co.ke/product/pioneer-ts-wx300ta-powered-subwoofer,http://amanivehiclesounds.co.ke/uploads/product/Pioneer-TS-WX300TA-Powered-Subwoofer-001.png,Pioneer
38,Pioneer TS-SWX2502 Enclosed Subwoofer,10 inch shallow mount pre-loaded subwoofer enclosure 1200w,Out of Stock,new,18500,http://amanivehiclesounds.co.ke/product/pioneer-ts-swx2502-enclosed-subwoofer,http://amanivehiclesounds.co.ke/uploads/product/Pioneer-TS-SWX2502-Enclosed-Subwoofer-001.png,Pioneer
39,Pioneer TS-WX1210A Powered Subwoofer,"12"" amplified active subwoofer with enclosure 1300w",In Stock,new,20000,http://amanivehiclesounds.co.ke/product/pioneer-ts-wx1210a-powered-subwoofer,http://amanivehiclesounds.co.ke/uploads/product/Pioneer-TS-WX1210A-Powered-Subwoofer-001.png,Pioneer
40,Pioneer TS-WX70DA Slim Subwoofer,Slim Design 200 watts compact powered subwoofer with remote for Bass Control,Out of Stock,new,32000,http://amanivehiclesounds.co.ke/product/pioneer-ts-wx70da-slim-subwoofer,http://amanivehiclesounds.co.ke/uploads/product/Pioneer-TS-WX70DA-Slim-Subwoofer-001.png,Pioneer
41,Pioneer Car Underseat Subwoofer,TS-WX130DA Space Saving Car Under seat Subwoofer 160W,In Stock,new,19000,http://amanivehiclesounds.co.ke/product/pioneer-car-underseat-subwoofer,http://amanivehiclesounds.co.ke/uploads/product/Pioneer-Car-Underseat-Subwoofer-001.png,Pioneer
42,pioneer GM-D8701 Monoblock Amplifier,"Mono 1600W Class-D Car Amp, with Bass Boost Remote",In Stock,new,16499,http://amanivehiclesounds.co.ke/product/pioneer-gm-d8701-monoblock-amplifier,http://amanivehiclesounds.co.ke/uploads/product/pioneer-GM-D8701-Monoblock-Amplifier-001.png,Pioneer
43,Pioneer GM-D9701 Monoblock Amplifier,Class D Mono Amplifier with Wired Bass Boost Remote,In Stock,new,24000,http://amanivehiclesounds.co.ke/product/pioneer-gm-d9701-monoblock-amplifier,http://amanivehiclesounds.co.ke/uploads/product/Pioneer-GM-D9701-Monoblock-Amplifier-001.png,Pioneer
44,Pioneer GM-A3702 2 Channel Amplifier,2-Channel Bridgeable Car Amplifier,In Stock,new,5999,http://amanivehiclesounds.co.ke/product/pioneer-gm-a3702-2-channel-amplifier,http://amanivehiclesounds.co.ke/uploads/product/Pioneer-GM-A3702-2-Channel-Amplifier-001.png,Pioneer
45,Pioneer GM-A4704 4 Channel Amplifier,520w 4 channels Bridgeable amplifier,In Stock,new,6999,http://amanivehiclesounds.co.ke/product/pioneer-gm-a4704-4-channel-amplifier,http://amanivehiclesounds.co.ke/uploads/product/Pioneer-GM-A4704-4-Channel-Amplifier-001.png,Pioneer
46,Pioneer GM-A6704 4 Channel Amplifier,1000w 4-Channel Bridgeable Amplifier with Bass Boost,In Stock,new,10000,http://amanivehiclesounds.co.ke/product/pioneer-gm-a6704-4-channel-amplifier,http://amanivehiclesounds.co.ke/uploads/product/Pioneer-GM-A6704-4-Channel-Amplifier-001.png,Pioneer
47,Pioneer GM-D8704 4 Channel Amplifier,1200 watts Class FD 4-Channel Bridgeable Amplifier,In Stock,new,15500,http://amanivehiclesounds.co.ke/product/pioneer-gm-d8704-4-channel-amplifier,http://amanivehiclesounds.co.ke/uploads/product/Pioneer-GM-D8704-4-Channel-Amplifier-001.png,Pioneer
48,Pioneer GM-D9705 5 Channel Amplifier,Class D 5-Channel Amplifier with Wired Bass Boost Remote,In Stock,new,25000,http://amanivehiclesounds.co.ke/product/pioneer-gm-d9705-5-channel-amplifier,http://amanivehiclesounds.co.ke/uploads/product/Pioneer-GM-D9705-5-Channel-Amplifier-001.png,Pioneer
49,Pioneer  TS-S20 Car Tweeters,¾ inch car audio high power component dome tweeters (pair),In Stock,new,4500,http://amanivehiclesounds.co.ke/product/pioneer-ts-s20-car-tweeters,http://amanivehiclesounds.co.ke/uploads/product/Pioneer- TS-S20-Car-Tweeters-001.png,Pioneer
50,Pioneer TS-B350PRO Car Bullet Tweeter,"3-1/2"" High Efficiency PRO Series Bullet Car Tweeters",In Stock,new,5500,http://amanivehiclesounds.co.ke/product/pioneer-ts-b350pro-car-bullet-tweeter,http://amanivehiclesounds.co.ke/uploads/product/Pioneer-TS-B350PRO-Car-Bullet-Tweeter-001.png,Pioneer
51,Pioneer TS-B400PRO Car Audio Tweeters,"Pro Series Car Tweeter 4"" 500W Bullet Tweeter",In Stock,new,6000,http://amanivehiclesounds.co.ke/product/pioneer-ts-b400pro-car-audio-tweeters,http://amanivehiclesounds.co.ke/uploads/product/Pioneer-TS-B400PRO-Car-Audio-Tweeters-001.png,Pioneer
52,Sony CDX-G1201U Car Stereo,"Car Radio with USB,AUX Input, CD Player, Blue key Illumination.",In Stock,new,7500,http://amanivehiclesounds.co.ke/product/sony-cdx-g1201u-car-stereo,http://amanivehiclesounds.co.ke/uploads/product/Sony-CDX-G1201U-Car-Stereo-001.png,Sony
53,Sony Car Radio CDX-G1200U,"Car stereo with CD Player, USB , AUX Input, FM radio & red key illumination",In Stock,new,7500,http://amanivehiclesounds.co.ke/product/sony-car-radio-cdx-g1200u,http://amanivehiclesounds.co.ke/uploads/product/Sony-Car-Radio-CDX-G1200U-001.png,Sony
54,Sony  Car Stereo with Bluetooth.,"MEX-N4300BT radio with FM Radio receiver with Bluetooth, CD  player, USB, AUX IN.",In Stock,new,11000,http://amanivehiclesounds.co.ke/product/sony-car-stereo-with-bluetooth,http://amanivehiclesounds.co.ke/uploads/product/Sony--Car-Stereo-with-Bluetooth.-001.png,Sony
55,Sony WX-810UI Double din Car Radio,"Car Stereo with USB,CD Player, AUX IN",Out of Stock,new,12000,http://amanivehiclesounds.co.ke/product/sony-wx-810ui-double-din-car-radio,http://amanivehiclesounds.co.ke/uploads/product/Sony-WX-810UI-Double-din-Car-Radio-001.png,Sony
56,Sony WX-920BT Radio Receiver with BT,Double-DIN CD Receiver Bluetooth USB AUX IN,In Stock,new,13500,http://amanivehiclesounds.co.ke/product/sony-wx-920bt-radio-receiver-with-bt,http://amanivehiclesounds.co.ke/uploads/product/Sony-WX-920BT-Radio-Receiver-with-BT-001.png,Sony
57,SONY XAV-W651BT Car Stereo front USB,Receiver with Bluetooth DVD USB Reverse camera input,Out of Stock,new,19500,http://amanivehiclesounds.co.ke/product/sony-xav-w651bt-car-stereo-front-usb,http://amanivehiclesounds.co.ke/uploads/product/SONY-XAV-W651BT-Car-Stereo-front-USB-001.png,Sony
58,SONY XAV-AX100  Car Radio Receiver,6.4 inch Car Radio with apple car play android auto,Out of Stock,new,32000,http://amanivehiclesounds.co.ke/product/sony-xav-ax100-car-radio-receiver,http://amanivehiclesounds.co.ke/uploads/product/SONY-XAV-AX100--Car-Radio-Receiver-001.png,Sony
59,SONY XAV-AX200 Car Radio with 3 camer,Car Stereo with Apple Car Play and Android Auto & DVD Player.,In Stock,new,38000,http://amanivehiclesounds.co.ke/product/sony-xav-ax200-car-radio-with-3-camer,http://amanivehiclesounds.co.ke/uploads/product/SONY-XAV-AX200-Car-Radio-with-3-camer-001.png,Sony
60,SONY XAV-AX5000 Car Stereo system,"6.95"" Car Play /Android Auto Media Receiver with BLUETOOTH",In Stock,new,35000,http://amanivehiclesounds.co.ke/product/sony-xav-ax5000-car-stereo-system,http://amanivehiclesounds.co.ke/uploads/product/SONY-XAV-AX5000-Car-Stereo-system-001.png,Sony
61,SONY XS-FB101E 4 Inch Speakers Pair,10cm (4”) Dual Cone Dash Board Speakers,In Stock,new,2500,http://amanivehiclesounds.co.ke/product/sony-xs-fb101e-4-inch-speakers-pair,http://amanivehiclesounds.co.ke/uploads/product/SONY-XS-FB101E-4-Inch-Speakers-Pair-001.png,Sony
62,SONY XS-FB161E Door Speakers,16cm (6.5”) 2 way 260watts Dual Cone Speaker,In Stock,new,2800,http://amanivehiclesounds.co.ke/product/sony-xs-fb161e-door-speakers,http://amanivehiclesounds.co.ke/uploads/product/SONY-XS-FB161E-Door-Speakers-001.png,Sony
63,SONY XS-FB163E Door Speakers,6inch 260watts 3 way car speakers,In Stock,new,2800,http://amanivehiclesounds.co.ke/product/sony-xs-fb163e-door-speakers,http://amanivehiclesounds.co.ke/uploads/product/SONY-XS-FB163E-Door-Speakers-001.png,Sony
64,SONY XS-XB1651 6 Inch Door Speakers,350 Watts 16 cm (6” 1/2) 5-Way Coaxial Car Speakers,In Stock,new,7000,http://amanivehiclesounds.co.ke/product/sony-xs-xb1651-6-inch-door-speakers,http://amanivehiclesounds.co.ke/uploads/product/SONY-XS-XB1651-6-Inch-Door-Speakers-001.png,Sony
65,SONY XS-XB1621C Component Speakers,16cm (6” 1/2) 2-Way Sony Component Speakers,In Stock,new,8000,http://amanivehiclesounds.co.ke/product/sony-xs-xb1621c-component-speakers,http://amanivehiclesounds.co.ke/uploads/product/SONY-XS-XB1621C-Component-Speakers-001.png,Sony
66,SONY XS-GTF6939 Oval Speakers,420watts 6*9 inch Oval Car Speakers,In Stock,new,4500,http://amanivehiclesounds.co.ke/product/sony-xs-gtf6939-oval-speakers,http://amanivehiclesounds.co.ke/uploads/product/SONY-XS-GTF6939-Oval-Speakers-001.png,Sony
67,SONY XS-NW1200 Car Subwoofer,30 cm (12) Sony Subwoofer 1800 Watts.,In Stock,new,5500,http://amanivehiclesounds.co.ke/product/sony-xs-nw1200-car-subwoofer,http://amanivehiclesounds.co.ke/uploads/product/SONY-XS-NW1200-Car-Subwoofer-001.png,Sony
68,SONY XS-GTR121LD Car Subwoofer,2000 watts 12 inch Car Bass Speaker,In Stock,new,8500,http://amanivehiclesounds.co.ke/product/sony-xs-gtr121ld-car-subwoofer,http://amanivehiclesounds.co.ke/uploads/product/SONY-XS-GTR121LD-Car-Subwoofer-001.png,Sony
69,SONY XM-GS100 Monoblock Amplifier,Monoblock amplifier 1100watts Monoblock,In Stock,new,15000,http://amanivehiclesounds.co.ke/product/sony-xm-gs100-monoblock-amplifier,http://amanivehiclesounds.co.ke/uploads/product/SONY-XM-GS100-Monoblock-Amplifier-001.png,Sony
70,SONY XM-N502 2 Channel Amplifier,2-channel Bridgeable car amplifier 500 Watts,In Stock,new,5500,http://amanivehiclesounds.co.ke/product/sony-xm-n502-2-channel-amplifier,http://amanivehiclesounds.co.ke/uploads/product/SONY-XM-N502-2-Channel-Amplifier-001.png,Sony
71,SONY XM-N1004 1000 Watts Amplifier.,4-channel car amplifier with 70 watts RMS x 4,In Stock,new,8500,http://amanivehiclesounds.co.ke/product/sony-xm-n1004-1000-watts-amplifier,http://amanivehiclesounds.co.ke/uploads/product/SONY-XM-N1004-1000-Watts-Amplifier.-001.png,Sony
72,SONY XM-GS4 4 Channel Car Amplifier,with high-resolution audio 4-channel car amplifier,In Stock,new,18000,http://amanivehiclesounds.co.ke/product/sony-xm-gs4-4-channel-car-amplifier,http://amanivehiclesounds.co.ke/uploads/product/SONY-XM-GS4-4-Channel-Car-Amplifier-001.png,Sony
73,SONY XS-H50S car Tweeters,5cm (2”) Component Tweeter 650 watts,In Stock,new,4000,http://amanivehiclesounds.co.ke/product/sony-xs-h50s-car-tweeters,http://amanivehiclesounds.co.ke/uploads/product/SONY-XS-H50S-car-Tweeters-001.png,Sony
74,Kenwood KDC-120U Car Radio receiver,Single Din Front USB& AUX Input CD Car Stereo Receiver Headunit,Out of Stock,new,7500,http://amanivehiclesounds.co.ke/product/kenwood-kdc-120u-car-radio-receiver,http://amanivehiclesounds.co.ke/uploads/product/Kenwood-KDC-120U-Car-Radio-receiver-001.png,Kenwood
75,KENWOOD KDC-1030U Car Stereo system,Car radio with USB CD Player FM Radio,In Stock,new,7500,http://amanivehiclesounds.co.ke/product/kenwood-kdc-1030u-car-stereo-system,http://amanivehiclesounds.co.ke/uploads/product/KENWOOD-KDC-1030U-Car-Stereo-system-001.png,Kenwood
76,KENWOOD KDC-BT640U Bluetooth Radio,Kenwood car radio  with USB/CD Receiver High Voltage 4.0V / 3-preouts,In Stock,new,11500,http://amanivehiclesounds.co.ke/product/kenwood-kdc-bt640u-bluetooth-radio,http://amanivehiclesounds.co.ke/uploads/product/KENWOOD-KDC-BT640U-Bluetooth-Radio-001.png,Kenwood
77,KENWOOD KMM-BT306 Car Radio with Bluetooth,Kenwood radio for car with USB Receiver with Bluetooth,In Stock,new,8500,http://amanivehiclesounds.co.ke/product/kenwood-kmm-bt306-car-radio-with-bluetooth,http://amanivehiclesounds.co.ke/uploads/product/KENWOOD-KMM-BT306-Car-Radio-with-Bluetooth-001.png,Kenwood
78,KENWOOD KDC-1040U One din Car Radio,"Affordable Kenwood Car stereo with CD player, AUX Input, USB port, FM.",In Stock,new,7500,http://amanivehiclesounds.co.ke/product/kenwood-kdc-1040u-one-din-car-radio,http://amanivehiclesounds.co.ke/uploads/product/KENWOOD-KDC-1040U-One-din-Car-Radio-001.png,Kenwood
80,DPX-5100BT In dash Car Stereo,"Kenwood Car Stereo with CD player, Bluetooth, USB & multicolor display.",In Stock,new,13500,http://amanivehiclesounds.co.ke/product/dpx-5100bt-in-dash-car-stereo,http://amanivehiclesounds.co.ke/uploads/product/DPX-5100BT-In-dash-Car-Stereo-001.png,Kenwood
81,KENWOOD DDX419BT Car Radio,"This is a double din receiver with a 6.2inch touch display ,Bluetooth for hands free calls & audio streaming and reverse camera support.",In Stock,new,23000,http://amanivehiclesounds.co.ke/product/kenwood-ddx419bt-car-radio,http://amanivehiclesounds.co.ke/uploads/product/KENWOOD-DDX419BT-Car-Radio-001.png,Kenwood
82,KENWOOD DDX9019SM Car Android Radio.,"Kenwood Android radio with inbuilt wifi,3 camera Inputs, Wireless Apple CarPlay & wireless android Mirroring.",Out of Stock,new,60000,http://amanivehiclesounds.co.ke/product/kenwood-ddx9019sm-car-android-radio,http://amanivehiclesounds.co.ke/uploads/product/KENWOOD-DDX9019SM-Car-Android-Radio.-001.png,Kenwood
83,KENWOOD Navigation stereo,DNX5170SM Car Stereo with 6.2? WVGA Clear-coated Resistive Touch Screen Display,Out of Stock,new,45000,http://amanivehiclesounds.co.ke/product/kenwood-navigation-stereo,http://amanivehiclesounds.co.ke/uploads/product/KENWOOD-Navigation-stereo-001.png,Kenwood
84,"Kenwood 6.8"" Car Radio with USB","DMX120BT Car Radio with Bluetooth, backup camera input & USB Mirroring.",In Stock,new,"15,000",http://amanivehiclesounds.co.ke/product/kenwood-68-car-radio-with-usb,"http://amanivehiclesounds.co.ke/uploads/product/Kenwood-6.8""-Car-Radio-with-USB-001.png",Kenwood
85,KENWOOD KFC-S1056 4 Inch Car Speaker,"Stage sound series, 10cm flush mount dual-cone speaker system",In Stock,new,2500,http://amanivehiclesounds.co.ke/product/kenwood-kfc-s1056-4-inch-car-speaker,http://amanivehiclesounds.co.ke/uploads/product/KENWOOD-KFC-S1056-4-Inch-Car-Speaker-001.png,Kenwood
86,KENWOOD KFC-S1666 Car Door Speaker,"6.5"" 300W 2 Way Coaxial Stage Sound Series Speaker",In Stock,new,3000,http://amanivehiclesounds.co.ke/product/kenwood-kfc-s1666-car-door-speaker,http://amanivehiclesounds.co.ke/uploads/product/KENWOOD-KFC-S1666-Car-Door-Speaker-001.png,Kenwood
87,KENWOOD KFC-M6934A Car Speakers,"6x9"", 3-way Flush-Mount Speaker System",In Stock,new,4500,http://amanivehiclesounds.co.ke/product/kenwood-kfc-m6934a-car-speakers,http://amanivehiclesounds.co.ke/uploads/product/KENWOOD-KFC-M6934A-Car-Speakers-001.png,Kenwood
88,KENWOOD KFC-S6966 Oval Speakers,"6"" x 9"" 3-Way 400W Peak 45W RMS Coaxial Car Audio Speakers",In Stock,new,4500,http://amanivehiclesounds.co.ke/product/kenwood-kfc-s6966-oval-speakers,http://amanivehiclesounds.co.ke/uploads/product/KENWOOD-KFC-S6966-Oval-Speakers-001.png,Kenwood
89,KENWOOD KFC-S6976EX Stage Sound,"6""x9"" Flush Mount 3-way 3-Speaker System",In Stock,new,5000,http://amanivehiclesounds.co.ke/product/kenwood-kfc-s6976ex-stage-sound,http://amanivehiclesounds.co.ke/uploads/product/KENWOOD-KFC-S6976EX-Stage-Sound-001.png,Kenwood
90,Kenwood Flush Mount Speakers,"KFC-PS6995EX Performance Series 6"" x 9"" 5 way speakers with Max power 700W & Rated Power 130W",In Stock,new,9500,http://amanivehiclesounds.co.ke/product/kenwood-flush-mount-speakers,http://amanivehiclesounds.co.ke/uploads/product/Kenwood-Flush-Mount-Speakers-001.png,Kenwood
91,KFC-PS6985 Performance  Speakers,"6""x9"" 4-way ""Performance Standard"" speaker system",In Stock,new,7500,http://amanivehiclesounds.co.ke/product/kfc-ps6985-performance-speakers,http://amanivehiclesounds.co.ke/uploads/product/KFC-PS6985-Performance--Speakers-001.png,Kenwood
92,KENWOOD  KFC-PS170C Component Speaker,"6.5"" component speaker system 80w RMS 400w peak car audio speakers",In Stock,new,8500,http://amanivehiclesounds.co.ke/product/kenwood-kfc-ps170c-component-speaker,http://amanivehiclesounds.co.ke/uploads/product/KENWOOD- KFC-PS170C-Component-Speaker-001.png,Kenwood
93,KENWOOD KFC-W3010 Car Subwoofer Speak,"12"" 4-ohm subwoofer 1000W",In Stock,new,6000,http://amanivehiclesounds.co.ke/product/kenwood-kfc-w3010-car-subwoofer-speak,http://amanivehiclesounds.co.ke/uploads/product/KENWOOD-KFC-W3010-Car-Subwoofer-Speak-001.png,Kenwood
94,KENWOOD KFC-MW3000 Car Subwoofer,"12"" subwoofer 1200w",In Stock,new,6500,http://amanivehiclesounds.co.ke/product/kenwood-kfc-mw3000-car-subwoofer,http://amanivehiclesounds.co.ke/uploads/product/KENWOOD-KFC-MW3000-Car-Subwoofer-001.png,Kenwood
95,KENWOOD KFC-PS3016W Bass Speaker,2000W 400W RMS 12 inch Car subwoofer,In Stock,new,7000,http://amanivehiclesounds.co.ke/product/kenwood-kfc-ps3016w-bass-speaker,http://amanivehiclesounds.co.ke/uploads/product/KENWOOD-KFC-PS3016W-Bass-Speaker-001.png,Kenwood
96,KENWOOD KFC-HQR3000 HQ Reference Sub,"12"" Subwoofer 1500W",In Stock,new,9500,http://amanivehiclesounds.co.ke/product/kenwood-kfc-hqr3000-hq-reference-sub,http://amanivehiclesounds.co.ke/uploads/product/KENWOOD-KFC-HQR3000-HQ-Reference-Subw-001.png,Kenwood
97,KENWOOD KFC-HQR7100 Car Speakers,7”*10” 600Watts Car Speakers,In Stock,new,13000,http://amanivehiclesounds.co.ke/product/kenwood-kfc-hqr7100-car-speakers,http://amanivehiclesounds.co.ke/uploads/product/KENWOOD-KFC-HQR7100-Car-Speakers-001.png,Kenwood
98,KENWOOD KFC-HQR710EX Car Speakers,"7x10"" 700W Ultra Hi-Performance Speaker",In Stock,new,13500,http://amanivehiclesounds.co.ke/product/kenwood-kfc-hqr710ex-car-speakers,http://amanivehiclesounds.co.ke/uploads/product/KENWOOD-KFC-HQR710EX-Car-Speakers-001.png,Kenwood
99,KENWOOD KSC-SW11 Under seat Subwoofer,Compact powered enclosed subwoofer 150 watts.,In Stock,new,18500,http://amanivehiclesounds.co.ke/product/kenwood-ksc-sw11-under-seat-subwoofer,http://amanivehiclesounds.co.ke/uploads/product/KENWOOD-KSC-SW11-Under-seat-Subwoofer-001.png,Kenwood
100,KENWOOD KSC-PSW8 Under seat Subwoofer,"Compact powered 8"" subwoofer 250watts",Out of Stock,new,22000,http://amanivehiclesounds.co.ke/product/kenwood-ksc-psw8-under-seat-subwoofer,http://amanivehiclesounds.co.ke/uploads/product/KENWOOD-KSC-PSW8-Under-seat-Subwoofer-001.png,Kenwood
101,KENWOOD KAC-8106D Monoblock Amplifier,"1000W Max, 500W RMS 1-Channel Monoblock Class-D Car Amplifier",In Stock,new,14000,http://amanivehiclesounds.co.ke/product/kenwood-kac-8106d-monoblock-amplifier,http://amanivehiclesounds.co.ke/uploads/product/KENWOOD-KAC-8106D-Monoblock-Amplifier-001.png,Kenwood
102,KENWOOD KAC-PS917D Mono Amplifier,Kenwood 2000watts monobock amplifier,In Stock,new,22000,http://amanivehiclesounds.co.ke/product/kenwood-kac-ps917d-mono-amplifier,http://amanivehiclesounds.co.ke/uploads/product/KENWOOD-KAC-PS917D-Mono-Amplifier-001.png,Kenwood
103,KENWOOD KAC-PS704EX Car Audio Booster,1000W Max 4/3/2 Channel Car Power Amplifier,In Stock,new,9000,http://amanivehiclesounds.co.ke/product/kenwood-kac-ps704ex-car-audio-booster,http://amanivehiclesounds.co.ke/uploads/product/KENWOOD-KAC-PS704EX-Car-Audio-Booster-001.png,Kenwood
104,KENWOOD 4 Channel Car Amplifier,KAC-HQR1004 1200W Max Power 4/3/2-channel amplifier,In Stock,new,13500,http://amanivehiclesounds.co.ke/product/kenwood-4-channel-car-amplifier,http://amanivehiclesounds.co.ke/uploads/product/KENWOOD-4-Channel-Car-Amplifier-001.png,Kenwood
105,KENWOOD KFC-T40A Car Tweeter,280W Wide Range Tune Up Tweeters (pair),In Stock,new,4500,http://amanivehiclesounds.co.ke/product/kenwood-kfc-t40a-car-tweeter,http://amanivehiclesounds.co.ke/uploads/product/KENWOOD-KFC-T40A-Car-Tweeter-001.png,Kenwood
106,JVC KD-R498 Car Radio receiver,CD Receiver with Front USB/AUX Input,In Stock,new,7500,http://amanivehiclesounds.co.ke/product/jvc-kd-r498-car-radio-receiver,http://amanivehiclesounds.co.ke/uploads/product/JVC-KD-R498-Car-Radio-receiver-001.png,JVC
107,JVC KD-DV5606  Car Radio system,Multimedia DVD/CD/USB Receiver with Front AUX,In Stock,new,12000,http://amanivehiclesounds.co.ke/product/jvc-kd-dv5606-car-radio-system,http://amanivehiclesounds.co.ke/uploads/product/JVC-KD-DV5606--Car-Radio-system-001.png,JVC
108,JVC  Car Radio with Bluetooth,Double din CD front USB AUX car stereo receiver,In Stock,new,13000,http://amanivehiclesounds.co.ke/product/jvc-car-radio-with-bluetooth,http://amanivehiclesounds.co.ke/uploads/product/JVC--Car-Radio-with-Bluetooth-001.png,JVC
109,JVC KW-V230BTM,Car Stereo with Spotify & Reverse camera input DVD/CD/USB receiver 6.2 inch touch screen display.,Out of Stock,new,22000,http://amanivehiclesounds.co.ke/product/jvc-kw-v230btm,http://amanivehiclesounds.co.ke/uploads/product/JVC-KW-V230BTM-001.png,JVC
110,JVC CS-DR162 Doors Speakers,16cm (6-1/2?) 2-way coaxial speakers,In Stock,new,3000,http://amanivehiclesounds.co.ke/product/jvc-cs-dr162-doors-speakers,http://amanivehiclesounds.co.ke/uploads/product/JVC-CS-DR162-Doors-Speakers-001.png,JVC
111,JVC CS-DR6930 Oval Speakers,"6""x9"" 3-way car speakers",In Stock,new,5000,http://amanivehiclesounds.co.ke/product/jvc-cs-dr6930-oval-speakers,http://amanivehiclesounds.co.ke/uploads/product/JVC-CS-DR6930-Oval-Speakers-001.png,JVC
112,JVC  CW-DRA8 Under seat Subwoofer,"Compact powered subwoofer: 250 watts and an 8"" sub",In Stock,new,22000,http://amanivehiclesounds.co.ke/product/jvc-cw-dra8-under-seat-subwoofer,http://amanivehiclesounds.co.ke/uploads/product/JVC- CW-DRA8-Under-seat-Subwoofer-001.png,JVC
113,JVC KS-DR5004 Amplifier,4 channel 1000 watts Car Amplifier,In Stock,new,8500,http://amanivehiclesounds.co.ke/product/jvc-ks-dr5004-amplifier,http://amanivehiclesounds.co.ke/uploads/product/JVC-KS-DR5004-Amplifier-001.png,JVC
123,BOSCHMANN Bridgeable Car Amplifier,PCH-4880DX 1300 Watts 4channel Bridgeable Amplifier,In Stock,new,9000,http://amanivehiclesounds.co.ke/product/boschmann-bridgeable-car-amplifier,http://amanivehiclesounds.co.ke/uploads/product/BOSCHMANN-Bridgeable-Car-Amplifier-001.png,BOSCHMANN
126,9 inch Car DVD Headrest monitor,"9 Inch TFT LED Screen Headrest Monitor With DVD Player, USB & inbuilt Games.",In Stock,new,18000,http://amanivehiclesounds.co.ke/product/9-inch-car-dvd-headrest-monitor,http://amanivehiclesounds.co.ke/uploads/product/9-inch-Car-DVD-Headrest-monitor-001.png,Others
127,5 Inch Foldable Car LCD Dashboard mon,Screen Parking Monitor,In Stock,new,4000,http://amanivehiclesounds.co.ke/product/5-inch-foldable-car-lcd-dashboard-mon,http://amanivehiclesounds.co.ke/uploads/product/5-Inch-Foldable-Car-LCD-Dashboard-mon-001.png,Others
128,7 Inch TFT Car Monitor,"Monitor with Video input, reverse camera input.",In Stock,new,3500,http://amanivehiclesounds.co.ke/product/7-inch-tft-car-monitor,http://amanivehiclesounds.co.ke/uploads/product/7-Inch-TFT-Car-Monitor-001.png,Others
129,Rearview Monitor With USB & SD Card,"7 Inch Car rear view monitor With USB port, FM MP5, SD Card Slot & Bluetooth.",In Stock,new,4500,http://amanivehiclesounds.co.ke/product/rearview-monitor-with-usb-sd-card,http://amanivehiclesounds.co.ke/uploads/product/Rearview-Monitor-With-USB-&-SD-Card-001.png,Others
130,15 Inch Roof Mount Monitor,"With Video Input, reverse camera output",In Stock,new,17000,http://amanivehiclesounds.co.ke/product/15-inch-roof-mount-monitor,http://amanivehiclesounds.co.ke/uploads/product/15-Inch-Roof-Mount-Monitor-001.png,Others
131,14 Inch Roof Mount Monitor,"Roof Mount With Video Input, reverse camera output",In Stock,new,14000,http://amanivehiclesounds.co.ke/product/14-inch-roof-mount-monitor,http://amanivehiclesounds.co.ke/uploads/product/14-Inch-Roof-Mount-Monitor-001.png,Others
132,11 Inch Roof Mount Monitor,"Roof Mount with Video Input, reverse camera output",In Stock,new,13500,http://amanivehiclesounds.co.ke/product/11-inch-roof-mount-monitor,http://amanivehiclesounds.co.ke/uploads/product/11-Inch-Roof-Mount-Monitor-001.png,Others
133,HD Car Reverse Camera Round,"Waterproof, Night Vision, Wide angle View Car backup camera",In Stock,new,2000,http://amanivehiclesounds.co.ke/product/hd-car-reverse-camera-round,http://amanivehiclesounds.co.ke/uploads/product/HD-Car-Reverse-Camera-Round-001.png,Others
134,HD Square Reverse Camera,Night vision Waterproof Car backup camera,In Stock,new,1500,http://amanivehiclesounds.co.ke/product/hd-square-reverse-camera,http://amanivehiclesounds.co.ke/uploads/product/HD-Square-Reverse-Camera-001.png,Others
135,Drilling Car Reverse Camera,Universal reverse camera with Night Vision.,In Stock,new,3500,http://amanivehiclesounds.co.ke/product/drilling-car-reverse-camera,http://amanivehiclesounds.co.ke/uploads/product/Drilling-Car-Reverse-Camera-001.png,Others
137,Dual recording Dashcam,Front & back Recording Dash cam With motion Detection & G- sensor,In Stock,new,5500,http://amanivehiclesounds.co.ke/product/dual-recording-dashcam,http://amanivehiclesounds.co.ke/uploads/product/Dual-recording-Dashcam-001.png,Others
138,KENWOOD DRV-N520 Drive Recorder,Car Dash cam for use with select Kenwood video receivers,In Stock,new,22000,http://amanivehiclesounds.co.ke/product/kenwood-drv-n520-drive-recorder,http://amanivehiclesounds.co.ke/uploads/product/KENWOOD-DRV-N520-Drive-Recorder-001.png,Kenwood
141,Auto Central Lock System Car Control,Central door lock system universal for all cars,In Stock,new,2500,http://amanivehiclesounds.co.ke/product/auto-central-lock-system-car-control,http://amanivehiclesounds.co.ke/uploads/product/Auto-Central-Lock-System-Car-Control-001.png,Others
142,Real Time Vehicle GPS Tracker TK-303F,Car tracking device with android app/ iPhone web based & sms tracking.,In Stock,new,6499,http://amanivehiclesounds.co.ke/product/real-time-vehicle-gps-tracker-tk-303f,http://amanivehiclesounds.co.ke/uploads/product/Real-Time-Vehicle-GPS-Tracker-TK-303F-001.png,Others
143,Portable Car GPS Tracker TK-310,Mini portable car GPS tracker,In Stock,new,7499,http://amanivehiclesounds.co.ke/product/portable-car-gps-tracker-tk-310,http://amanivehiclesounds.co.ke/uploads/product/Portable-Car-GPS-Tracker-TK-310-001.png,Others
144,4PC Car Parking Sensor LED Display,Car backup reverse radar system ‘warning alarm kit.,In Stock,new,2500,http://amanivehiclesounds.co.ke/product/4pc-car-parking-sensor-led-display,http://amanivehiclesounds.co.ke/uploads/product/4PC-Car-Parking-Sensor-LED-Display-001.png,Others
145,Car Jump Starlet & Air Compressor,"Portable 16,800mAh Starting Device 600A Charger for Car Battery Booster Car Air Pump Starter",In Stock,new,9000,http://amanivehiclesounds.co.ke/product/car-jump-starlet-air-compressor,http://amanivehiclesounds.co.ke/uploads/product/Car-Jump-Starlet-&-Air-Compressor-001.png,Others
146,Jump starter kit with air Compressor,Upgraded high power Car Jump Starter.,In Stock,new,"12,000",http://amanivehiclesounds.co.ke/product/jump-starter-kit-with-air-compressor,http://amanivehiclesounds.co.ke/uploads/product/Jump-starter-kit-with-air-Compressor-001.png,Others
147,Power Supply Unit 12V 30A,"12V 30A DC Universal Regulated Switching power supply unit For use with led strip lights, 3D printer 360w for CCTV, Radio, Computer.",In Stock,new,3500,http://amanivehiclesounds.co.ke/product/power-supply-unit-12v-30a,http://amanivehiclesounds.co.ke/uploads/product/Power-Supply-Unit-12V-30A-001.png,Others
148,industrial Power Supply unit (PSU) 12,Industrial power supply unit,In Stock,new,6000,http://amanivehiclesounds.co.ke/product/industrial-power-supply-unit-psu-12,http://amanivehiclesounds.co.ke/uploads/product/industrial-Power-Supply-unit-(PSU)-12-001.png,Others
149,Boschmann EQX-75 PRO Audio Equalizer,Professional Parametric  Equalizer,In Stock,new,3000,http://amanivehiclesounds.co.ke/product/boschmann-eqx-75-pro-audio-equalizer,http://amanivehiclesounds.co.ke/uploads/product/Boschmann-EQX-75-PRO-Audio-Equalizer-001.png,BOSCHMANN
150,5 Way Crossover ABB-5DXi,Pro Audio Bank Crossover Aab-5dxi,In Stock,new,7000,http://amanivehiclesounds.co.ke/product/5-way-crossover-abb-5dxi,http://amanivehiclesounds.co.ke/uploads/product/5-Way-Crossover-ABB-5DXi-001.png,Others
151,Double din Car Radio Toyota Side brac,Side spacers Cover 0.5 inch on either side of the radio during installation,In Stock,new,1000,http://amanivehiclesounds.co.ke/product/double-din-car-radio-toyota-side-brac,http://amanivehiclesounds.co.ke/uploads/product/Double-din-Car-Radio-Toyota-Side-brac-001.png,Others
152,Single Din Car Radio Pocket Spacer,One Din Car Radio strorage spacer.,In Stock,new,500,http://amanivehiclesounds.co.ke/product/single-din-car-radio-pocket-spacer,http://amanivehiclesounds.co.ke/uploads/product/Single-Din-Car-Radio-Pocket-Spacer-001.png,Others
153,Toyota Car Radio Replacement Brackets,Car Radio combined spacers for Toyota Radio Replacement.,In Stock,new,1000,http://amanivehiclesounds.co.ke/product/toyota-car-radio-replacement-brackets,http://amanivehiclesounds.co.ke/uploads/product/Toyota-Car-Radio-Replacement-Brackets-001.png,Others
154,Universal Radio Mounting Brackets,Double Din Car Radio Installation mounting  Brackets,In Stock,new,1500,http://amanivehiclesounds.co.ke/product/universal-radio-mounting-brackets,http://amanivehiclesounds.co.ke/uploads/product/Universal-Radio-Mounting-Brackets-001.png,Others
155,Car Music System Wiring Kit,pure copper amplifier power cable,Out of Stock,new,2000,http://amanivehiclesounds.co.ke/product/car-music-system-wiring-kit,http://amanivehiclesounds.co.ke/uploads/product/Car-Music-System-Wiring-Kit-001.png,Others
156,Gauge Pro Series Amplifier Power Cabl,10 Gauge Clear Red Power Wire 100 ft. Sold per meter,In Stock,new,200,http://amanivehiclesounds.co.ke/product/gauge-pro-series-amplifier-power-cabl,http://amanivehiclesounds.co.ke/uploads/product/Gauge-Pro-Series-Amplifier-Power-Cabl-001.png,Others
157,RCA Jack Connectors,Gold plated Equalizer RCA Jacks.,In Stock,new,200,http://amanivehiclesounds.co.ke/product/rca-jack-connectors,http://amanivehiclesounds.co.ke/uploads/product/RCA-Jack-Connectors-001.png,Others
158,Car Radio Auxiliary Cable,Auxiliary Cable With male to male jack pin.,In Stock,new,500,http://amanivehiclesounds.co.ke/product/car-radio-auxiliary-cable,http://amanivehiclesounds.co.ke/uploads/product/Car-Radio-Auxiliary-Cable-001.png,Others
159,Car Radio FM Expander,Local FM Frequency Expander.,In Stock,new,1000,http://amanivehiclesounds.co.ke/product/car-radio-fm-expander,http://amanivehiclesounds.co.ke/uploads/product/Car-Radio-FM-Expander-001.png,Others
160,Car Subwoofer Protective Grille 12 In,Protective speaker grille.,In Stock,new,1000,http://amanivehiclesounds.co.ke/product/car-subwoofer-protective-grille-12-in,http://amanivehiclesounds.co.ke/uploads/product/Car-Subwoofer-Protective-Grille-12-In-001.png,Others
161,Car FM Antena,Internal windscreen mount amplified car aerial,In Stock,new,1500,http://amanivehiclesounds.co.ke/product/car-fm-antena,http://amanivehiclesounds.co.ke/uploads/product/Car-FM-Antena-001.png,Others
162,Universal Car Smart Phone Holder,"phone holder With long goose neck arm, 360 degrees rotation",In Stock,new,800,http://amanivehiclesounds.co.ke/product/universal-car-smart-phone-holder,http://amanivehiclesounds.co.ke/uploads/product/Universal-Car-Smart-Phone-Holder-001.png,Others
163,Universal Car Smart Phone Holder,"Windshield install phone holder, 360 degrees rotation",Out of Stock,new,1000,http://amanivehiclesounds.co.ke/product/universal-car-smart-phone-holder,http://amanivehiclesounds.co.ke/uploads/product/Universal-Car-Smart-Phone-Holder-001.png,Others
167,Car Audio Power Capacitor 4.0 FARAD,High Performance Digital power Capacitor,In Stock,new,6000,http://amanivehiclesounds.co.ke/product/car-audio-power-capacitor-40-farad,http://amanivehiclesounds.co.ke/uploads/product/Car-Audio-Power-Capacitor-4.0-FARAD-001.png,Others
168,Pioneer CD-SR110 Steering Buttons,Steering wheel control Device for Pioneer Radio.,In Stock,new,3500,http://amanivehiclesounds.co.ke/product/pioneer-cd-sr110-steering-buttons,http://amanivehiclesounds.co.ke/uploads/product/Pioneer-CD-SR110-Steering-Buttons-001.png,Pioneer
169,multicolor 5 Metre Set LED light Stri,Multicolored led light strip with color remote control,In Stock,new,2000,http://amanivehiclesounds.co.ke/product/multicolor-5-metre-set-led-light-stri,http://amanivehiclesounds.co.ke/uploads/product/multicolor-5-Metre-Set-LED-light-Stri-001.png,Others
170,blue 5 Metre Set LED light Strip,Blue led strip light with self stick adhesive.,In Stock,new,1800,http://amanivehiclesounds.co.ke/product/blue-5-metre-set-led-light-strip,http://amanivehiclesounds.co.ke/uploads/product/blue-5-Metre-Set-LED-light-Strip-001.png,Others
171,Pink Decorative  LED Strip lights,"Pink Color party light, 5 Metre.",In Stock,new,1800,http://amanivehiclesounds.co.ke/product/pink-decorative-led-strip-lights,http://amanivehiclesounds.co.ke/uploads/product/Pink-Decorative--LED-Strip-lights-001.png,Others
172,LED Strip light -Orange,5 Meter Decorative self stick Led Light with multipurpose use.,In Stock,new,1800,http://amanivehiclesounds.co.ke/product/led-strip-light-orange,http://amanivehiclesounds.co.ke/uploads/product/LED-Strip-light--Orange-001.png,Others
173,Warm White 5 Metre  LED Strip light,Warm white Color multipurpose use led strip light.,In Stock,new,1800,http://amanivehiclesounds.co.ke/product/warm-white-5-metre-led-strip-light,http://amanivehiclesounds.co.ke/uploads/product/Warm-White-5-Metre--LED-Strip-light-001.png,Others
174,5 Metre Set LED Strip Light- White,White self stick led strip light,In Stock,new,2500,http://amanivehiclesounds.co.ke/product/5-metre-set-led-strip-light-white,http://amanivehiclesounds.co.ke/uploads/product/5-Metre-Set-LED-Strip-Light--White-001.png,Others
175,5 Metre Set 24V LED Decorative Strip,"Comes in White, Blue, pink, warm white, green.",In Stock,new,2500,http://amanivehiclesounds.co.ke/product/5-metre-set-24v-led-decorative-strip,http://amanivehiclesounds.co.ke/uploads/product/5-Metre-Set-24V-LED-Decorative-Strip-001.png,Others
176,Commercial Decorating LED Light,"Waterproof 230 V Multipurpose use led strip light ,Sold per Metre",In Stock,new,350,http://amanivehiclesounds.co.ke/product/commercial-decorating-led-light,http://amanivehiclesounds.co.ke/uploads/product/Commercial-Decorating-LED-Light-001.png,Others
177,AUDI A3 Car Radio Fascia Kit Frame,Black Double DIN 2003-2008 Car Radio Conversion kit for AUDI A3,In Stock,new,7000,http://amanivehiclesounds.co.ke/product/audi-a3-car-radio-fascia-kit-frame,http://amanivehiclesounds.co.ke/uploads/product/AUDI-A3-Car-Radio-Fascia-Kit-Frame-001.png,Others
178,Mercedes Benz B200 w169 w245,2Din car radio fascia for 2004-2012 Mercedes BENZ B200 A CLASS W169 B-CLASS W245 radio conversion kit.,In Stock,new,7500,http://amanivehiclesounds.co.ke/product/mercedes-benz-b200-w169-w245,http://amanivehiclesounds.co.ke/uploads/product/Mercedes-Benz-B200-w169-w245-001.png,Others
179,Mercedes Benz BENZ W203 Radio Trim,2002-2004 Mercedes Benz C-Class W203 Radio Conversion Kit,In Stock,new,6000,http://amanivehiclesounds.co.ke/product/mercedes-benz-benz-w203-radio-trim,http://amanivehiclesounds.co.ke/uploads/product/Mercedes-Benz-BENZ-W203-Radio-Trim-001.png,Others
180,Mercedes Benz (215) W220 Radio Trim,Mercedes Benz radio conversion kit with Wooden finish.,In Stock,new,8000,http://amanivehiclesounds.co.ke/product/mercedes-benz-215-w220-radio-trim,http://amanivehiclesounds.co.ke/uploads/product/Mercedes-Benz-(215)-W220-Radio-Trim-001.png,Others
181,Mercedes Benz W203 & C209 Console,Radio Fascia kit for Mercedes C Class W203 & GLK Class C209 2005-2009,In Stock,new,7000,http://amanivehiclesounds.co.ke/product/mercedes-benz-w203-c209-console,http://amanivehiclesounds.co.ke/uploads/product/Mercedes-Benz-W203-&-C209-Console-001.png,Others
182,Radio Console Mercedes Benz (w204),Car radio installation trim fascia for Mercedes benz c class,In Stock,new,7500,http://amanivehiclesounds.co.ke/product/radio-console-mercedes-benz-w204,http://amanivehiclesounds.co.ke/uploads/product/Radio-Console-Mercedes-Benz-(w204)-001.png,Others
183,Mercedes Benz e class w211 c219,Car Radio Console for Mercedes Benz,In Stock,new,6500,http://amanivehiclesounds.co.ke/product/mercedes-benz-e-class-w211-c219,http://amanivehiclesounds.co.ke/uploads/product/Mercedes-Benz-e-class-w211-c219-001.png,Others
184,Mercedes Benz S Class W220 2006,ABS plastic material radio fascia kit,In Stock,new,8000,http://amanivehiclesounds.co.ke/product/mercedes-benz-s-class-w220-2006,http://amanivehiclesounds.co.ke/uploads/product/Mercedes-Benz-S-Class-W220-2006-001.png,Others
185,Radio Fascia For Mercedes Benz W164,2006-2010 Mercedes Benz ML Class & GL Class 2 Din radio conversion kit.,In Stock,new,7000,http://amanivehiclesounds.co.ke/product/radio-fascia-for-mercedes-benz-w164,http://amanivehiclesounds.co.ke/uploads/product/Radio-Fascia-For-Mercedes-Benz-W164-001.png,Others
186,Bmw 3 Series (E46) 1998 To 2005,Single Din Car Radio Fascia For BMW 3 Series.,In Stock,new,8000,http://amanivehiclesounds.co.ke/product/bmw-3-series-e46-1998-to-2005,http://amanivehiclesounds.co.ke/uploads/product/Bmw-3-Series-(E46)-1998-To-2005-001.png,Others
187,BMW 3 Series (E90-E93) radio console,Car Radio replacement conversion kit for BMW 3 Series E90 to E93,In Stock,new,8500,http://amanivehiclesounds.co.ke/product/bmw-3-series-e90-e93-radio-console,http://amanivehiclesounds.co.ke/uploads/product/BMW-3-Series-(E90-E93)-radio-console-001.png,Others
188,Car Radio Fascia For BMW X5,Car Radio Conversion kit for BMW 5 Series,In Stock,new,8500,http://amanivehiclesounds.co.ke/product/car-radio-fascia-for-bmw-x5,http://amanivehiclesounds.co.ke/uploads/product/Car-Radio-Fascia-For-BMW-X5-001.png,Others
189,Fascia For 2007 To 2011 BMW 1 Series,Double Din Car Radio Car Radio Conversion kit for BMW 1 Series,In Stock,new,9000,http://amanivehiclesounds.co.ke/product/fascia-for-2007-to-2011-bmw-1-series,http://amanivehiclesounds.co.ke/uploads/product/Fascia-For-2007-To-2011-BMW-1-Series-001.png,Others
190,BMW X3 E83 2004-2010 radio Fitting,One din Car Radio conversion kit for BMW X3(E83),In Stock,new,7000,http://amanivehiclesounds.co.ke/product/bmw-x3-e83-2004-2010-radio-fitting,http://amanivehiclesounds.co.ke/uploads/product/BMW-X3-E83-2004-2010-radio-Fitting-001.png,Others
191,Ford Escape Mazda Tribute console,Mazda Tribute & Ford Escape Double din radio Conversion kit.,In Stock,new,8000,http://amanivehiclesounds.co.ke/product/ford-escape-mazda-tribute-console,http://amanivehiclesounds.co.ke/uploads/product/Ford-Escape-Mazda-Tribute-console-001.png,Others
192,Ford Ranger For 2011 To 2013 Fascia,Ford Ranger Car Radio Conversion kit.,In Stock,new,9500,http://amanivehiclesounds.co.ke/product/ford-ranger-for-2011-to-2013-fascia,http://amanivehiclesounds.co.ke/uploads/product/Ford-Ranger-For-2011-To-2013-Fascia-001.png,Others
193,Honda Jazz City Radio Conversion Kit,Double Din Car Radio Fascia For 2002-2006 Honda Jazz City Fit,In Stock,new,9500,http://amanivehiclesounds.co.ke/product/honda-jazz-city-radio-conversion-kit,http://amanivehiclesounds.co.ke/uploads/product/Honda-Jazz-City-Radio-Conversion-Kit-001.png,Others
194,Honda Crv 2008-2011 Radio Fascia,Double Din Car Radio Fascia Conversion kit for Honda CRV,In Stock,new,9000,http://amanivehiclesounds.co.ke/product/honda-crv-2008-2011-radio-fascia,http://amanivehiclesounds.co.ke/uploads/product/Honda-Crv-2008-2011-Radio-Fascia-001.png,Others
195,Honda CRV 2012-2014 Radio replacement,Double Din Radio conversion kit for Honda CRV,In Stock,new,9500,http://amanivehiclesounds.co.ke/product/honda-crv-2012-2014-radio-replacement,http://amanivehiclesounds.co.ke/uploads/product/Honda-CRV-2012-2014-Radio-replacement-001.png,Others
196,Honda Fit Radio Conversion kit,Double Din Radio Console for Honda Fit & Jazz For 2008-2013,In Stock,new,6500,http://amanivehiclesounds.co.ke/product/honda-fit-radio-conversion-kit,http://amanivehiclesounds.co.ke/uploads/product/Honda-Fit-Radio-Conversion-kit-001.png,Others
197,Honda Stream & Honda Fit Radio Ring.,2Din Car Stereo Radio replacement Ring For 2009 2010 2012 2013 Honda Stream Fit,In Stock,new,2000,http://amanivehiclesounds.co.ke/product/honda-stream-honda-fit-radio-ring,http://amanivehiclesounds.co.ke/uploads/product/Honda-Stream-&-Honda-Fit-Radio-Ring.-001.png,Others
198,Car Radio Fascia For Honda Stream,Honda Stream Radio Conversion Console kit,In Stock,new,6500,http://amanivehiclesounds.co.ke/product/car-radio-fascia-for-honda-stream,http://amanivehiclesounds.co.ke/uploads/product/Car-Radio-Fascia-For-Honda-Stream-001.png,Others
199,Isuzu D-max 2012 plus Fascia panel,Double Din Stereo Fascia Panel for Isuzu D-Max,In Stock,new,7000,http://amanivehiclesounds.co.ke/product/isuzu-d-max-2012-plus-fascia-panel,http://amanivehiclesounds.co.ke/uploads/product/Isuzu-D-max-2012-plus-Fascia-panel-001.png,Others
200,Land rover Discovery Freelander,Fascia Radio Conversion Kit for LandRover Discovery Year 2005 to 2011,In Stock,new,8000,http://amanivehiclesounds.co.ke/product/land-rover-discovery-freelander,http://amanivehiclesounds.co.ke/uploads/product/Land-rover-Discovery-Freelander-001.png,Others
201,Lexus 470 Landcruiser 1998 to 2003,2 Din Radio Console for Lexus 470 & Landcruiser,In Stock,new,7000,http://amanivehiclesounds.co.ke/product/lexus-470-landcruiser-1998-to-2003,http://amanivehiclesounds.co.ke/uploads/product/Lexus-470-Landcruiser-1998-to-2003-001.png,Others
202,Dash Kit Fascia for Mazda Demio 2007,Car Radio Conversion kit for Mazda 2 Demio,In Stock,new,6500,http://amanivehiclesounds.co.ke/product/dash-kit-fascia-for-mazda-demio-2007,http://amanivehiclesounds.co.ke/uploads/product/Dash-Kit-Fascia-for-Mazda-Demio-2007-001.png,Others
203,Mazda 3 Axela 2004-2009,car radio conversion kit for Mazda 3 Axela,In Stock,new,6000,http://amanivehiclesounds.co.ke/product/mazda-3-axela-2004-2009,http://amanivehiclesounds.co.ke/uploads/product/Mazda-3-Axela-2004-2009-001.png,Others
204,Mazda 3 Axela 2010-2013,car radio fascia Conversion kit for Mazda 3 Axella,In Stock,new,6500,http://amanivehiclesounds.co.ke/product/mazda-3-axela-2010-2013,http://amanivehiclesounds.co.ke/uploads/product/Mazda-3-Axela-2010-2013-001.png,Others
205,Radio Trim kit for Mazda Premacy,Radio conversion kit for Mazda 5 Premacy  2005-2010,In Stock,new,6500,http://amanivehiclesounds.co.ke/product/radio-trim-kit-for-mazda-premacy,http://amanivehiclesounds.co.ke/uploads/product/Radio-Trim-kit-for-Mazda-Premacy-001.png,Others
206,Fascia for Mazda 5 Premacy 2005-2010,Car Radio Dash Kit Fascia Console Mazda 5 Premacy,In Stock,new,6500,http://amanivehiclesounds.co.ke/product/fascia-for-mazda-5-premacy-2005-2010,http://amanivehiclesounds.co.ke/uploads/product/Fascia-for-Mazda-5-Premacy-2005-2010-001.png,Others
207,Mazda 6 Attenza 2008-2013,Mazda 6 Attenza double Din Radio Conversion kit,In Stock,new,6500,http://amanivehiclesounds.co.ke/product/mazda-6-attenza-2008-2013,http://amanivehiclesounds.co.ke/uploads/product/Mazda-6-Attenza-2008-2013-001.png,Others
208,Mazda 8 Year 2006+Radio fitting panel,Car Radio Conversion kit for Mazda 8,In Stock,new,7000,http://amanivehiclesounds.co.ke/product/mazda-8-year-2006radio-fitting-panel,http://amanivehiclesounds.co.ke/uploads/product/Mazda-8-Year-2006+Radio-fitting-panel-001.png,Others
209,Console for Mazda Premacy Year 2002,Radio conversion kit for Mazda  Premacy,In Stock,new,5000,http://amanivehiclesounds.co.ke/product/console-for-mazda-premacy-year-2002,http://amanivehiclesounds.co.ke/uploads/product/Console-for-Mazda-Premacy-Year-2002-001.png,Others
210,Console  for Mazda Verisa Year 2005+,Mazda Verisa Radio Console,In Stock,new,7500,http://amanivehiclesounds.co.ke/product/console-for-mazda-verisa-year-2005,http://amanivehiclesounds.co.ke/uploads/product/Console--for-Mazda-Verisa-Year-2005+-001.png,Others
211,Console for 2012 Mitsubishi Outlander,Car Radio Conversion Kit for Mistubishi Outlander sport,In Stock,new,9500,http://amanivehiclesounds.co.ke/product/console-for-2012-mitsubishi-outlander,http://amanivehiclesounds.co.ke/uploads/product/Console-for-2012-Mitsubishi-Outlander-001.png,Others
212,Mitsubishi Outlander Radio Console,2008-2012 Car Radio Double Din Conversion kit for Mitsubishi Outlander,In Stock,new,9500,http://amanivehiclesounds.co.ke/product/mitsubishi-outlander-radio-console,http://amanivehiclesounds.co.ke/uploads/product/Mitsubishi-Outlander-Radio-Console-001.png,Others
213,Radio Conversion Kit for Mitsubishi,Double Din Car Radio Fascia Console for 2007+ Mitsubishi Lancer X Galant Fortis,In Stock,new,6500,http://amanivehiclesounds.co.ke/product/radio-conversion-kit-for-mitsubishi,http://amanivehiclesounds.co.ke/uploads/product/Radio-Conversion-Kit-for-Mitsubishi-001.png,Others
214,Mitsubishi Outlander 2014 radio frame,Car Radio Conversion kit for Mitsubishi Outlander 2014,In Stock,new,9500,http://amanivehiclesounds.co.ke/product/mitsubishi-outlander-2014-radio-frame,http://amanivehiclesounds.co.ke/uploads/product/Mitsubishi-Outlander-2014-radio-frame-001.png,Others
215,Console for 2010  Mitsubishi Pajero,Mistubishi Pajero Car Radio Conversion kit,In Stock,new,6500,http://amanivehiclesounds.co.ke/product/console-for-2010-mitsubishi-pajero,http://amanivehiclesounds.co.ke/uploads/product/Console-for-2010--Mitsubishi-Pajero-001.png,Others
216,Radio Conversion kit for Nissan B15,Car Radio Conversion Kit For Sentra B15,In Stock,new,6000,http://amanivehiclesounds.co.ke/product/radio-conversion-kit-for-nissan-b15,http://amanivehiclesounds.co.ke/uploads/product/Radio-Conversion-kit-for-Nissan-B15-001.png,Others
217,Nissan March 2010-2013 Fascia Panel,Double Din Radio Conversion Kit for Nissan March & Renault pulse,In Stock,new,6000,http://amanivehiclesounds.co.ke/product/nissan-march-2010-2013-fascia-panel,http://amanivehiclesounds.co.ke/uploads/product/Nissan-March-2010-2013-Fascia-Panel-001.png,Others
218,Radio Panel for 2014+ Nissan Xtrail,Car Radio Conversion Kit For Nissan Xtrail,In Stock,new,9000,http://amanivehiclesounds.co.ke/product/radio-panel-for-2014-nissan-xtrail,http://amanivehiclesounds.co.ke/uploads/product/Radio-Panel-for-2014+-Nissan-Xtrail-001.png,Others
219,Peugeot 406 Car Radio Fascia trim kit,One Din Car Radio Console Conversion kit For Peugeot 406.,In Stock,new,5500,http://amanivehiclesounds.co.ke/product/peugeot-406-car-radio-fascia-trim-kit,http://amanivehiclesounds.co.ke/uploads/product/Peugeot-406-Car-Radio-Fascia-trim-kit-001.png,Others
220,Fascia Installation kit for  Porsche,Porche Cayenne Turbo Radio installation Fascia Console for 2009,In Stock,new,10000,http://amanivehiclesounds.co.ke/product/fascia-installation-kit-for-porsche,http://amanivehiclesounds.co.ke/uploads/product/Fascia-Installation-kit-for--Porsche-001.png,Others
221,Toyota Prado Gx J150 2010,Car Radio Conversion Kit for Toyota Prado GX 150,In Stock,new,9000,http://amanivehiclesounds.co.ke/product/toyota-prado-gx-j150-2010,http://amanivehiclesounds.co.ke/uploads/product/Toyota-Prado-Gx-J150-2010-001.png,Others
222,Subaru legacy Radio console,Car Radio Installation kit for Subaru Legacy 2010+,In Stock,new,7000,http://amanivehiclesounds.co.ke/product/subaru-legacy-radio-console,http://amanivehiclesounds.co.ke/uploads/product/Subaru-legacy-Radio-console-001.png,Others
223,Subaru Legacy Outback 2015+ Fascia,Car Radio fascia console for Subaru legacy Outback 2015+,In Stock,new,8500,http://amanivehiclesounds.co.ke/product/subaru-legacy-outback-2015-fascia,http://amanivehiclesounds.co.ke/uploads/product/Subaru-Legacy-Outback-2015+-Fascia-001.png,Others
224,Radio Console for 2013 Suzuki Alto,Car Radio Installation Console kit for SUZUKI ALTO 2013,In Stock,new,6500,http://amanivehiclesounds.co.ke/product/radio-console-for-2013-suzuki-alto,http://amanivehiclesounds.co.ke/uploads/product/Radio-Console-for-2013-Suzuki-Alto-001.png,Others
225,Suzuki Grand Vitara 2005 Trim Kit,Suzuki Grand Vitara 2005 Double Din Car Radio Conversion kit,In Stock,new,6000,http://amanivehiclesounds.co.ke/product/suzuki-grand-vitara-2005-trim-kit,http://amanivehiclesounds.co.ke/uploads/product/Suzuki-Grand-Vitara-2005-Trim-Kit-001.png,Others
226,Radio Fascia for 2009 Suzuki Swift,Radio Console for Suzuki Swift 2009,In Stock,new,6000,http://amanivehiclesounds.co.ke/product/radio-fascia-for-2009-suzuki-swift,http://amanivehiclesounds.co.ke/uploads/product/Radio-Fascia-for-2009-Suzuki-Swift-001.png,Others
227,VW Touran Passat Golf Tiguan Console,2 Din Radio Conversion Kit for Volkswagen Touran Passat Golf 2009,In Stock,new,6500,http://amanivehiclesounds.co.ke/product/vw-touran-passat-golf-tiguan-console,http://amanivehiclesounds.co.ke/uploads/product/VW-Touran-Passat-Golf-Tiguan-Console-001.png,Others
228,Console for 2002 to 2011 VW Touareg,Car Radio Installation Conversion kit for VW TOUAREG 2011,In Stock,new,6500,http://amanivehiclesounds.co.ke/product/console-for-2002-to-2011-vw-touareg,http://amanivehiclesounds.co.ke/uploads/product/Console-for-2002-to-2011-VW-Touareg-001.png,Others
229,VW Touareg 2009+ Radio Fascia,Car Radio Fascia Conversion kit for VW TOUAREG 2009+,In Stock,new,6500,http://amanivehiclesounds.co.ke/product/vw-touareg-2009-radio-fascia,http://amanivehiclesounds.co.ke/uploads/product/VW-Touareg-2009+-Radio-Fascia-001.png,Others
230,2007 - 2013 Toyota Corolla Trim kit,Stereo Dash Kit Panel Plate for Toyota Corolla Radio Install,In Stock,new,6500,http://amanivehiclesounds.co.ke/product/2007-2013-toyota-corolla-trim-kit,http://amanivehiclesounds.co.ke/uploads/product/2007---2013-Toyota-Corolla-Trim-kit-001.png,Others
231,Toyota Corolla Nze Fielder Fascia,Aftermarket radio replacement Kit for Toyota Corolla NZE Fielder 2001 to 2006,In Stock,new,5000,http://amanivehiclesounds.co.ke/product/toyota-corolla-nze-fielder-fascia,http://amanivehiclesounds.co.ke/uploads/product/Toyota-Corolla-Nze-Fielder-Fascia-001.png,Others
232,Toyota Harrier Lexus 1997-2003 Panel,One din Car Radio Fascia Installation Kit for Toyota Harrier & Lexus RX300,In Stock,new,6500,http://amanivehiclesounds.co.ke/product/toyota-harrier-lexus-1997-2003-panel,http://amanivehiclesounds.co.ke/uploads/product/Toyota-Harrier-Lexus-1997-2003-Panel-001.png,Others
233,Fascia kit for Toyota mark ii 2005,Toyota Mark II 2005 Double Din Radio Conversion kit,In Stock,new,6000,http://amanivehiclesounds.co.ke/product/fascia-kit-for-toyota-mark-ii-2005,http://amanivehiclesounds.co.ke/uploads/product/Fascia-kit-for-Toyota-mark-ii-2005-001.png,Others
234,Console for Toyota Harrier & Lexus,Radio Conversion kit For Toyota harrier (2003-2012) Lexus (2003-2009).,In Stock,new,6500,http://amanivehiclesounds.co.ke/product/console-for-toyota-harrier-lexus,http://amanivehiclesounds.co.ke/uploads/product/Console-for-Toyota-Harrier-&-Lexus-001.png,Others
235,Toyota Revolution  Hilux 2015+ trim,Toyota Revo & Hillux Radio Conversion kit,In Stock,new,6000,http://amanivehiclesounds.co.ke/product/toyota-revolution-hilux-2015-trim,http://amanivehiclesounds.co.ke/uploads/product/Toyota-Revolution- Hilux-2015+-trim-001.png,Others
236,Panel for Toyota Allion  & Premio,Radio Conversion kit for Toyota Premio & Allion 240 245,In Stock,new,6500,http://amanivehiclesounds.co.ke/product/panel-for-toyota-allion-premio,http://amanivehiclesounds.co.ke/uploads/product/Panel-for-Toyota-Allion--&-Premio-001.png,Others
237,Toyota Premio T260 Allion 2007 - 2010,car stereo console fascia for toyota premio T260 Toyota allion,In Stock,new,6500,http://amanivehiclesounds.co.ke/product/toyota-premio-t260-allion-2007-2010,http://amanivehiclesounds.co.ke/uploads/product/Toyota-Premio-T260-Allion-2007---2010-001.png,Others
238,Alphard 2008+ console,Double Din Radio Fascia Console for Alphard radio installation.,In Stock,new,"11,000",http://amanivehiclesounds.co.ke/product/alphard-2008-console,http://amanivehiclesounds.co.ke/uploads/product/Alphard-2008+-console-001.png,Others
239,Toyota Alphard & Velfire 2015+ Trim,Double Din Car Radio Conversion kit for Toyota Alphard & Velfire 2015+,In Stock,new,7500,http://amanivehiclesounds.co.ke/product/toyota-alphard-velfire-2015-trim,http://amanivehiclesounds.co.ke/uploads/product/Toyota-Alphard-&-Velfire-2015+-Trim-001.png,Others
240,Radio Trim for Toyota Auris 2006-2012,Toyota Auris Car Radio Conversion kit,In Stock,new,6000,http://amanivehiclesounds.co.ke/product/radio-trim-for-toyota-auris-2006-2012,http://amanivehiclesounds.co.ke/uploads/product/Radio-Trim-for-Toyota-Auris-2006-2012-001.png,Others
241,Fascia Panel for Toyota Avensis 2003,Car Radio Conversion Kit for Toyota Avensis  2003-2008,In Stock,new,6000,http://amanivehiclesounds.co.ke/product/fascia-panel-for-toyota-avensis-2003,http://amanivehiclesounds.co.ke/uploads/product/2019-08-1612:45:47imageDOUBLE-DIN-STEREO-FASCIA-PANEL-FOR-TOYOTA-AVENSIS-2003-2008.png,Others
242,Toyota Bb 2005 Subaru Dex 2008+ panel,Fascia Console For Toyota bB Car Radio Installation,In Stock,new,6500,http://amanivehiclesounds.co.ke/product/toyota-bb-2005-subaru-dex-2008-panel,http://amanivehiclesounds.co.ke/uploads/product/2019-08-1610:09:24imageCAR-RADIO-FASCIA-CONSOLE-FOR-2015+-SUBARU-LEGACY-OUTBACK.png,Others
243,Fascia Panel for Toyota Caldina,Toyota Caldina T240 Year 2002 to 2007 Double Din Radio Conversion kit,In Stock,new,6000,http://amanivehiclesounds.co.ke/product/fascia-panel-for-toyota-caldina,http://amanivehiclesounds.co.ke/uploads/product/2019-08-1612:49:37imageDOUBLE-DIN-STEREO-FASCIA-PANEL-FOR-TOYOTA-CALDINA-T240-YEAR-2002-TO-2007.png,Others
244,Toyota Aurion Camry radio trim kit,Toyota Camry Aurion double Din Stereo Conversion kit-Silver,In Stock,new,6500,http://amanivehiclesounds.co.ke/product/toyota-aurion-camry-radio-trim-kit,http://amanivehiclesounds.co.ke/uploads/product/2019-08-1612:55:41imageSTEREO-FASCIA-PANEL-FOR-TOYOTA-CAMRY-AURION-YEAR-2006-TO-2011.png,Others
245,Toyota Estima 2006 to 2016 Fascia kit,Toyota Estima Car Radio Installation Trim Fascia Panel,In Stock,new,6500,http://amanivehiclesounds.co.ke/product/toyota-estima-2006-to-2016-fascia-kit,http://amanivehiclesounds.co.ke/uploads/product/2019-08-1613:07:02imageDOUBLE-DIN-STEREO-FASCIA-PANEL-FOR-TOYOTA-ESTIMA-2006-TO-2016.png,Others
246,Toyota Hilux Vigo Fortuner Frame kit,Car Radio Installation Trim Fascia Panel For Toyota Hilux Vigo Fortuner 2011+,In Stock,new,5500,http://amanivehiclesounds.co.ke/product/toyota-hilux-vigo-fortuner-frame-kit,http://amanivehiclesounds.co.ke/uploads/product/2019-08-1613:16:00imageRADIO-FASCIA-FRAME-KIT-FOR-TOYOTA-HILUX-VIGO-FORTUNER-2011+.png,Others
247,Fascia Panel for Toyota Isis 2004+,Radio Installation Conversion kit for Toyota ISIS 2004,In Stock,new,6000,http://amanivehiclesounds.co.ke/product/fascia-panel-for-toyota-isis-2004,http://amanivehiclesounds.co.ke/uploads/product/2019-08-1613:20:46imageDOUBLE-DIN-STEREO-FASCIA-PANEL-FOR-TOYOTA-ISIS-2004+.png,Others
248,Toyota Landcruiser 200 YR 2008-2015,Toyota Landcruiser V8 Radio Conversion kit,In Stock,new,7000,http://amanivehiclesounds.co.ke/product/toyota-landcruiser-200-yr-2008-2015,http://amanivehiclesounds.co.ke/uploads/product/2019-08-1615:51:57imageRADIO-FASCIA-FRAME-KIT-FOR-TOYOTA-LANDCRUISER-200-V8-YEAR-2008-TO-2015.png,Others
249,Toyota Landcruiser Vx100 Trim kit,Double Din Fascia Panel for Toyota Landcruiser VX100 2003-2008 and Lexus LX-470 year: 1998-2007,In Stock,new,6000,http://amanivehiclesounds.co.ke/product/toyota-landcruiser-vx100-trim-kit,http://amanivehiclesounds.co.ke/uploads/product/2019-08-1616:03:48imageDOUBLE-DIN-RADIO-FASCIA-FOR-TOYOTA-LANDCRUISER-VX100-YEAR-2003-TO-2008-LEXUS-LX470.png,Others
250,Toyota Passo 2011 Fascia Panel,Fascia Radio conversion kit for Toyota Passo 2011,In Stock,new,7000,http://amanivehiclesounds.co.ke/product/toyota-passo-2011-fascia-panel,http://amanivehiclesounds.co.ke/uploads/product/2019-08-1616:14:47imageDOUBLE-DIN-STEREO-FASCIA-PANEL-FOR-TOYOTA-PASSO-2011.png,Others
251,Prado 120  Lexus Gx470 2002-2009 Trim,Car Radio Conversion kit for Toyota Prado 120 Lexus GX470,In Stock,new,6500,http://amanivehiclesounds.co.ke/product/prado-120-lexus-gx470-2002-2009-trim,http://amanivehiclesounds.co.ke/uploads/product/Prado-120--Lexus-Gx470-2002-2009-Trim-001.png,Others
252,Toyota Prado 150 2014+ Radio Trim kit,Toyota Prado 150 Car Radio Conversion kit  Black silver color,In Stock,new,9000,http://amanivehiclesounds.co.ke/product/toyota-prado-150-2014-radio-trim-kit,http://amanivehiclesounds.co.ke/uploads/product/Toyota-Prado-150-2014+-Radio-Trim-kit-001.png,Others
253,Toyota Prado Gx 150 Year 2010,Car Radio Conversion kit For Toyota Prado GX 150,In Stock,new,9000,http://amanivehiclesounds.co.ke/product/toyota-prado-gx-150-year-2010,http://amanivehiclesounds.co.ke/uploads/product/Toyota-Prado-Gx-150-Year-2010-001.png,Others
254,Toyota Prius 2010 Car Radio Fascia,Car Radio installation fascia kit for Toyota Prius 2010,In Stock,new,6500,http://amanivehiclesounds.co.ke/product/toyota-prius-2010-car-radio-fascia,http://amanivehiclesounds.co.ke/uploads/product/Toyota-Prius-2010-Car-Radio-Fascia-001.png,Others
255,Toyota Ractis Radio Installation kit.,Double Din Toyota Verso-s Ractis & Subaru Trezia 2010+ Car Radio Fascia Installation Kit,In Stock,new,7000,http://amanivehiclesounds.co.ke/product/toyota-ractis-radio-installation-kit,http://amanivehiclesounds.co.ke/uploads/product/Toyota-Ractis-Radio-Installation-kit.-001.png,Others
256,Toyota Rav 4 Radio replacement.,Car Radio Conversion kit for Toyota RAV 4 year 2006 to 2012,In Stock,new,6500,http://amanivehiclesounds.co.ke/product/toyota-rav-4-radio-replacement,http://amanivehiclesounds.co.ke/uploads/product/Toyota-Rav-4-Radio-replacement.-001.png,Others
257,Toyota RAV 4 Yr 2013+ Trim Kit,Car Radio Conversion kit for Toyota RAV 4 2013,In Stock,new,7000,http://amanivehiclesounds.co.ke/product/toyota-rav-4-yr-2013-trim-kit,http://amanivehiclesounds.co.ke/uploads/product/Toyota-RAV-4-Yr-2013+-Trim-Kit-001.png,Others
258,Mark X 2009+ Radio Trim kit,Toyota Mark X Reiz Stereo Fascia Dash Trim Installation Kit,In Stock,new,6500,http://amanivehiclesounds.co.ke/product/mark-x-2009-radio-trim-kit,http://amanivehiclesounds.co.ke/uploads/product/Mark-X-2009+-Radio-Trim-kit-001.png,Others
259,Toyota Rush 2006 + Radio Trim Kit,Radio Fascia kit for Toyota Ruish 2006+,In Stock,new,7000,http://amanivehiclesounds.co.ke/product/toyota-rush-2006-radio-trim-kit,http://amanivehiclesounds.co.ke/uploads/product/Toyota-Rush-2006-+-Radio-Trim-Kit-001.png,Others
260,Toyota Vios Belta Yaris Sedan 2006+,Double Din Car Radio conversion kit for Toyota Belta,In Stock,new,6000,http://amanivehiclesounds.co.ke/product/toyota-vios-belta-yaris-sedan-2006,http://amanivehiclesounds.co.ke/uploads/product/Toyota-Vios-Belta-Yaris-Sedan-2006+-001.png,Others
261,Fascia Panel for Toyota Vitz 2013+,Double Din Conversion kit for Toyota Vitz Vios 2013+,In Stock,new,8000,http://amanivehiclesounds.co.ke/product/fascia-panel-for-toyota-vitz-2013,http://amanivehiclesounds.co.ke/uploads/product/Fascia-Panel-for-Toyota-Vitz-2013+-001.png,Others
262,Fascia Panel for Toyota Vista Ardeo,2 Din Radio Conversion kit for Toyota Vista Ardeo 2005,In Stock,new,6500,http://amanivehiclesounds.co.ke/product/fascia-panel-for-toyota-vista-ardeo,http://amanivehiclesounds.co.ke/uploads/product/Fascia-Panel-for-Toyota-Vista-Ardeo-001.png,Others
263,Stereo Fascia Panel for Toyota Vitz,Radio Conversion Kit for Toyota Yaris Echo Vitz 1995 to 2005,In Stock,new,6000,http://amanivehiclesounds.co.ke/product/stereo-fascia-panel-for-toyota-vitz,http://amanivehiclesounds.co.ke/uploads/product/Stereo-Fascia-Panel-for-Toyota-Vitz-001.png,Others
264,Toyota Vitz Yaris Car Radio Fascia,Car Radio Conversion Kit for Toyota Vitz Yaris 2012,In Stock,new,6500,http://amanivehiclesounds.co.ke/product/toyota-vitz-yaris-car-radio-fascia,http://amanivehiclesounds.co.ke/uploads/product/Toyota-Vitz-Yaris-Car-Radio-Fascia-001.png,Others
265,Toyota Vitz Platz 2005 to 2011 Fascia,fascia conversion kit for toyota yaris vitz 2005 TO 2011,In Stock,new,7000,http://amanivehiclesounds.co.ke/product/toyota-vitz-platz-2005-to-2011-fascia,http://amanivehiclesounds.co.ke/uploads/product/Toyota-Vitz-Platz-2005-to-2011-Fascia-001.png,Others
266,12 Inch Speaker Cabinet With One Brea,bass speaker enclosure with one breather,In Stock,new,3500,http://amanivehiclesounds.co.ke/product/12-inch-speaker-cabinet-with-one-brea,http://amanivehiclesounds.co.ke/uploads/product/12-Inch-Speaker-Cabinet-With-One-Brea-001.png,Others
267,12 Inch Speaker Cabinet With Two Brea,ported Bass Speaker enclosure.,In Stock,new,3500,http://amanivehiclesounds.co.ke/product/12-inch-speaker-cabinet-with-two-brea,http://amanivehiclesounds.co.ke/uploads/product/12-Inch-Speaker-Cabinet-With-Two-Brea-001.png,Others
268,3 in 1 Speaker Cabinet,12 Inch & 6*9 Inch  3 in 1 ported speaker cabinet,In Stock,new,6000,http://amanivehiclesounds.co.ke/product/3-in-1-speaker-cabinet,http://amanivehiclesounds.co.ke/uploads/product/3-in-1-Speaker-Cabinet-001.png,Others
269,Oval Speaker Cabinet,6*9 Inch Oval speaker sealed enclosure cabinet.,In Stock,new,900,http://amanivehiclesounds.co.ke/product/oval-speaker-cabinet,http://amanivehiclesounds.co.ke/uploads/product/Oval-Speaker-Cabinet-001.png,Others
270,6*9 Inch Slant Speaker Cabinet,Slant midrange oval speaker box.,In Stock,new,1000,http://amanivehiclesounds.co.ke/product/69-inch-slant-speaker-cabinet,http://amanivehiclesounds.co.ke/uploads/product/6*9-Inch-Slant-Speaker-Cabinet-001.png,Others
271,6 Inch Speaker Cabinet,Door Speakers Enclosure,In Stock,new,800,http://amanivehiclesounds.co.ke/product/6-inch-speaker-cabinet,http://amanivehiclesounds.co.ke/uploads/product/6-Inch-Speaker-Cabinet-001.png,Others
272,12 Inch Speaker Bass Tube,"12"" Bass tube sealed enclosure.",In Stock,new,3000,http://amanivehiclesounds.co.ke/product/12-inch-speaker-bass-tube,http://amanivehiclesounds.co.ke/uploads/product/12-Inch-Speaker-Bass-Tube-001.png,Others
273,Double 6*9 Inch Speaker Cabinet,Oval Speakers Cabinet with Breather.,In Stock,new,2500,http://amanivehiclesounds.co.ke/product/double-69-inch-speaker-cabinet,http://amanivehiclesounds.co.ke/uploads/product/Double-6*9-Inch-Speaker-Cabinet-001.png,Others
274,12 Inch Speaker Slot Bass Box,Slot Bass Speaker Cabinet,In Stock,new,4000,http://amanivehiclesounds.co.ke/product/12-inch-speaker-slot-bass-box,http://amanivehiclesounds.co.ke/uploads/product/12-Inch-Speaker-Slot-Bass-Box-001.png,Others
275,Space Saving 12 Inch Bass Speaker Cabinet,Enclosed space saving box,In Stock,new,2700,http://amanivehiclesounds.co.ke/product/space-saving-12-inch-bass-speaker-cabinet,http://amanivehiclesounds.co.ke/uploads/product/Space-Saving-12-Inch-Bass-Speaker-Cabinet-001.png,Others
276,Double 12 Inch Speaker Cabinet,"This is a quality cabinet made to fit two 12""  Bass Speakers.  .",In Stock,new,6500,http://amanivehiclesounds.co.ke/product/double-12-inch-speaker-cabinet,http://amanivehiclesounds.co.ke/uploads/product/Double-12-Inch-Speaker-Cabinet-001.png,Others
277,Pioneer Ts-r1651s Door Speakers,6.5 inch 300 watts car speakers.,In Stock,new,2999,http://amanivehiclesounds.co.ke/product/pioneer-ts-r1651s-door-speakers,http://amanivehiclesounds.co.ke/uploads/product/Pioneer-Ts-r1651s-Door-Speakers-001.png,Pioneer
278,Car Sub woofer with 1400W Max power,Pioneer TS-W311S4 Dual magnet subwoofer with powerful bass,In Stock,new,6500,http://amanivehiclesounds.co.ke/product/car-sub-woofer-with-1400w-max-power,http://amanivehiclesounds.co.ke/uploads/product/Car-Sub-woofer-with-1400W-Max-power-001.png,Pioneer
279,Champion series Pioneer Bass Speaker,TS-W300D4 Pioneer Car Subwoofer,In Stock,new,6499,http://amanivehiclesounds.co.ke/product/champion-series-pioneer-bass-speaker,http://amanivehiclesounds.co.ke/uploads/product/Champion-series-Pioneer-Bass-Speaker-001.png,Pioneer
280,Pioneer TS-D12D2 Double Coil Bass Spe,Pioneer Dual voice coil car sub woofer.,In Stock,new,9999,http://amanivehiclesounds.co.ke/product/pioneer-ts-d12d2-double-coil-bass-spe,http://amanivehiclesounds.co.ke/uploads/product/Pioneer-TS-D12D2-Double-Coil-Bass-Spe-001.png,Pioneer
281,Universal Car Smartphone holder -Black,Air vent Car mount,In Stock,new,999,http://amanivehiclesounds.co.ke/product/universal-car-smartphone-holder-black,http://amanivehiclesounds.co.ke/uploads/product/Universal-Car-Smartphone-holder--Black-001.png,Others
282,Universal Car Smartphone mount - Red,Red car smartphone holder,In Stock,new,999,http://amanivehiclesounds.co.ke/product/universal-car-smartphone-mount-red,http://amanivehiclesounds.co.ke/uploads/product/Universal-Car-Smartphone-mount---Red-001.png,Others
283,Blue Air Vent Car  Smartphone holder,"car phone holder, air vent mount.",In Stock,new,999,http://amanivehiclesounds.co.ke/product/blue-air-vent-car-smartphone-holder,http://amanivehiclesounds.co.ke/uploads/product/Blue-Air-Vent-Car--Smartphone-holder-001.png,Others
284,Classy car phone holder-black,"air vent mount, car smartphone holder.",In Stock,new,1399,http://amanivehiclesounds.co.ke/product/classy-car-phone-holder-black,http://amanivehiclesounds.co.ke/uploads/product/Classy-car-phone-holder-black-001.png,Others
285,Sony Car Stereo System WX-900BT,"Double Din radio with Bluetooth, CD Player.",In Stock,new,13000,http://amanivehiclesounds.co.ke/product/sony-car-stereo-system-wx-900bt,http://amanivehiclesounds.co.ke/uploads/product/Sony-Car-Stereo-System-WX-900BT-001.png,Sony
286,Sony XAV-AX1000 Car Stereo,Car stereo system with Navigation with Apple carPlay.,In Stock,new,19999,http://amanivehiclesounds.co.ke/product/sony-xav-ax1000-car-stereo,http://amanivehiclesounds.co.ke/uploads/product/Sony-XAV-AX1000-Car-Stereo-001.png,Sony
287,Sony Car Stereo system XAV-AX3000,Car stereo with apple CarPlay & Android Auto,In Stock,new,35000,http://amanivehiclesounds.co.ke/product/sony-car-stereo-system-xav-ax3000,http://amanivehiclesounds.co.ke/uploads/product/Sony-Car-Stereo-system-XAV-AX3000-001.png,Sony
288,JVC Bluetooth Radio Receiver with USB,Car Radio Bluetooth Receiver.,In Stock,new,7500,http://amanivehiclesounds.co.ke/product/jvc-bluetooth-radio-receiver-with-usb,http://amanivehiclesounds.co.ke/uploads/product/JVC-Bluetooth-Radio-Receiver-with-USB-001.png,JVC
289,Pioneer  TS-A1680F Door Speakers.,350 Watts High performance door speakers with 80W RMS Power.,In Stock,new,6499,http://amanivehiclesounds.co.ke/product/pioneer-ts-a1680f-door-speakers,http://amanivehiclesounds.co.ke/uploads/product/Pioneer--TS-A1680F-Door-Speakers.-001.png,Pioneer
290,"Sony XS-XB1641 4 Way Speakers, 6.5""",Door Speakers with 350W Max power output.,In Stock,new,5500,http://amanivehiclesounds.co.ke/product/sony-xs-xb1641-4-way-speakers-65,"http://amanivehiclesounds.co.ke/uploads/product/Sony-XS-XB1641-4-Way-Speakers,-6.5""-001.png",Sony
291,Pioneer TS-A30S4 1400W Subwoofer,1400W Car Bass Speaker,In Stock,new,5000,http://amanivehiclesounds.co.ke/product/pioneer-ts-a30s4-1400w-subwoofer,http://amanivehiclesounds.co.ke/uploads/product/Pioneer-TS-A30S4-1400W-Subwoofer-001.png,Pioneer
292,MVH-S325BT Car Stereo with Bluetooth,"Car Multimedia Tuner with Dual Bluetooth, Spotify, Smartphone connectivity & Siri Eyes Free.",In Stock,new,8500,http://amanivehiclesounds.co.ke/product/mvh-s325bt-car-stereo-with-bluetooth,http://amanivehiclesounds.co.ke/uploads/product/Pioneer-MVH-S325BT-Car-Stereo-with-Bluetooth-hands-free-Calling.-001.png,Pioneer
293,Sony XAV-1500 Car Radio with weblink cast,Enjoy mirrored smartphone contents with WebLink™ Cast on this Sony car radio.,In Stock,new,22000,http://amanivehiclesounds.co.ke/product/sony-xav-1500-car-radio-with-weblink-cast,http://amanivehiclesounds.co.ke/uploads/product/Sony-XAV-1500-Car-Radio-with-weblink-cast-001.png,Others
294,Pioneer Car Reverse Camera,HD car backup camera with Night Vision,In Stock,new,2500,http://amanivehiclesounds.co.ke/product/pioneer-car-reverse-camera,http://amanivehiclesounds.co.ke/uploads/product/Pioneer-Car-Reverse-Camera-001.png,Pioneer
295,Kenwood Powered Subwoofer PA-W801B,Kenwood 400 Watts powered enclosed car sub-woofer.,In Stock,new,27000,http://amanivehiclesounds.co.ke/product/kenwood-powered-subwoofer-pa-w801b,http://amanivehiclesounds.co.ke/uploads/product/Kenwood-Powered-Subwoofer-PA-W801B-001.png,Kenwood
296,Kenwood Boxed Subwoofer KSC-W1200B,12 Inch enclosed Kenwood subwoofer with 1200 watts power output.,In Stock,new,14000,http://amanivehiclesounds.co.ke/product/kenwood-boxed-subwoofer-ksc-w1200b,http://amanivehiclesounds.co.ke/uploads/product/Kenwood-Boxed-Subwoofer-KSC-W1200B-001.png,Kenwood
297,DRV-330 Kenwood recording Camera,"High Definition, GPS Integrated front Recording stand-alone driver recorder, Dashcam.",In Stock,new,15000,http://amanivehiclesounds.co.ke/product/drv-330-kenwood-recording-camera,http://amanivehiclesounds.co.ke/uploads/product/DRV-330-Kenwood-recording-Camera-001.png,Kenwood
298,Car Modulator G7,"Car G7 Modulator enables your stock radio to function with Bluetooth,USB & AUX input.",In Stock,new,1500,http://amanivehiclesounds.co.ke/product/car-modulator-g7,http://amanivehiclesounds.co.ke/uploads/product/Car-Modulator-G7-001.png,Others
299,"TS-WX1210AH 12"" Reflex Sub-woofer",Pioneer 1500 watts Powered Sub woofer,In Stock,new,35000,http://amanivehiclesounds.co.ke/product/ts-wx1210ah-12-reflex-sub-woofer,"http://amanivehiclesounds.co.ke/uploads/product/TS-WX1210AH-12""-Reflex-Sub-woofer-001.png",Pioneer
300,TS-WX1220AH Double bass Reflex Sub,1000 watts Pioneer double powered bass-reflex sub woofer system.,In Stock,new,45000,http://amanivehiclesounds.co.ke/product/ts-wx1220ah-double-bass-reflex-sub,http://amanivehiclesounds.co.ke/uploads/product/TS-WX1220AH-Double-bass-Reflex-Sub-001.png,Pioneer
301,Pioneer TS-WX400DA powered subwoofer.,Compact 250 watts Pioneer  Powered Underseat subwoofer.,In Stock,new,22000,http://amanivehiclesounds.co.ke/product/pioneer-ts-wx400da-powered-subwoofer,http://amanivehiclesounds.co.ke/uploads/product/Pioneer-TS-WX400DA-powered-subwoofer.-001.png,Pioneer
302,Pioneer Car Android Tablet.,"SDA-835TAB SPH-T20BT 8-inch Pioneer Car Android Tablet with play Store, inbuilt Bluetooth.",In Stock,new,42000,http://amanivehiclesounds.co.ke/product/pioneer-car-android-tablet,http://amanivehiclesounds.co.ke/uploads/product/Pioneer-SDA-835TAB-SPH-T20BT-Car-Android-Tablet.-001.png,Pioneer
303,Ma Audio Powered Subwoofer 12 inch.,Powered Speaker with 1600 watts peak power.,Out of Stock,new,16000,http://amanivehiclesounds.co.ke/product/ma-audio-powered-subwoofer-12-inch,http://amanivehiclesounds.co.ke/uploads/product/Ma-Audio-Powered-Subwoofer-12-inch.-001.png,Others
304,Sony XAV-W601 DVD Receiver,"car radio with front USB, DVD player.",Out of Stock,new,15000,http://amanivehiclesounds.co.ke/product/sony-xav-w601-dvd-receiver,http://amanivehiclesounds.co.ke/uploads/product/Sony-XAV-W601-DVD-Receiver-001.png,Sony
305,Sony DSX-A110U Affordable car stereo,"Sony Affordable car stereo system with excellent FM Reception, USB & AUX Input.",In Stock,new,5500,http://amanivehiclesounds.co.ke/product/sony-dsx-a110u-affordable-car-stereo,http://amanivehiclesounds.co.ke/uploads/product/Sony-DSX-A110U-Affordable-car-stereo-001.png,Sony
306,Sony Bluetooth car stereo DSX-A410BT,Car Stereo with dual phone Bluetooth connection,In Stock,new,8000,http://amanivehiclesounds.co.ke/product/sony-bluetooth-car-stereo-dsx-a410bt,http://amanivehiclesounds.co.ke/uploads/product/Sony-Bluetooth-car-stereo-DSX-A410BT-001.png,Sony
307,Sony Car Stereo system with Webcast,"9 inch car radio with one din chassis installation , webcast link & 3 way adjustable mount,",In Stock,new,48000,http://amanivehiclesounds.co.ke/product/sony-car-stereo-system-with-webcast,http://amanivehiclesounds.co.ke/uploads/product/Sony-Car-Stereo-system-with-Webcast-001.png,Sony
308,Sony XS-GTF1639 3 way car Speakers.,270 Watts Maximum power 3 way car door Speakers with 45 watts RMS Power.,In Stock,new,3000,http://amanivehiclesounds.co.ke/product/sony-xs-gtf1639-3-way-car-speakers,http://amanivehiclesounds.co.ke/uploads/product/Sony-XS-GTF1639-3-way-car-Speakers.-001.png,Sony
309,"Pioneer DMH-G225BT 6.2""screen","Pioneer DMH-G225BT is an affordable car stereo offering the best features with touch screen display, Bluetooth & reverse camera input.",In Stock,new,18000,http://amanivehiclesounds.co.ke/product/pioneer-dmh-g225bt-62screen,"http://amanivehiclesounds.co.ke/uploads/product/Pioneer-DMH-G225BT-6.2""-AV-Receiver-with-Bluetooth.-001.png",Pioneer
310,"Pioneer 10"" Shallow Mount Speaker",TS-A2500LB Pioneer 10 inch shallow mount bass Speaker 1200 watts.,In Stock,new,17500,http://amanivehiclesounds.co.ke/product/pioneer-10-shallow-mount-speaker,"http://amanivehiclesounds.co.ke/uploads/product/Pioneer-10""-Shallow-Mount-Speaker-001.png",Pioneer
311,MVH-S215BT  Multimedia Tuner,"Car  Bluetooth radio with USB ,AUX Input, android smartphone support.",In Stock,new,8000,http://amanivehiclesounds.co.ke/product/mvh-s215bt-multimedia-tuner,"http://amanivehiclesounds.co.ke/uploads/product/MVH-S215BT--Multimedia-Tuner-with-Bluetooth,-USB-&-Android-Smartphone-support.-001.png",Pioneer
312,Pioneer TS-A6960F Car Speakers,"6""x9"" 4-Way Coaxial Oval car mid-range Speakers with Maximum power 450 Watts",In Stock,new,7000,http://amanivehiclesounds.co.ke/product/pioneer-ts-a6960f-car-speakers,http://amanivehiclesounds.co.ke/uploads/product/Pioneer-TS-A6960F-Car-Speakers-001.png,Pioneer
313,Kenwood DDX7019BTM AV Receiver,Enjoy 7 inch Screen display & USB Mirroring for Android or iphone.,In Stock,new,37000,http://amanivehiclesounds.co.ke/product/kenwood-ddx7019btm-av-receiver,http://amanivehiclesounds.co.ke/uploads/product/Kenwood-DDX7019BTM-AV-Receiver-001.png,Kenwood
314,Pioneer VREC-100 Recorder Dash camera,"Front recording Dash cam with loop video recording, motion detection & 128GB memory support.",In Stock,new,13000,http://amanivehiclesounds.co.ke/product/pioneer-vrec-100-recorder-dash-camera,http://amanivehiclesounds.co.ke/uploads/product/Pioneer-VREC-100-Recorder-Dash-camera-001.png,Pioneer
315,Pioneer DMH-Z6350BT 6.8? Multimedia,"Pioneer Car Radio with wireless Apple CarPlay & Android Auto, Alexa Built in.",In Stock,new,60000,http://amanivehiclesounds.co.ke/product/pioneer-dmh-z6350bt-68-multimedia,"http://amanivehiclesounds.co.ke/uploads/product/Pioneer-DMH-Z6350BT-6.8?-Capacitive-Touch-screen-Multimedia-player-with-Alexa-Built-in,-Apple-CarPlay-&-Android-Auto.-001.png",Pioneer
316,Kenwood KW-M150BT car radio,"JVC KW-M150BT is a car radio that gives you many features at an affordable Price. Enjoy Bluetooth, AUX Input & USB with android mirroring.",In Stock,new,19000,http://amanivehiclesounds.co.ke/product/kenwood-kw-m150bt-car-radio,http://amanivehiclesounds.co.ke/uploads/product/KW-M150BT-Affordable-car-stereo-001.png,JVC
317,Space saving Active Sub TS-WX010A,Ultra Compact Space Saving Active Subwoofer with built-in Class-D Amplifier BASS  for impactful and quality bass.,In Stock,new,"15,599",http://amanivehiclesounds.co.ke/product/space-saving-active-sub-ts-wx010a,http://amanivehiclesounds.co.ke/uploads/product/Space-saving-Active-Sub-TS-WX010A-001.png,Pioneer
318,High Power Car Amplifier CA-3242,A 4 Channel 2000 watts Car Amplifier with 6 speaker output system & variable crossover.,In Stock,new,18000,http://amanivehiclesounds.co.ke/product/high-power-car-amplifier-ca-3242,http://amanivehiclesounds.co.ke/uploads/product/High-Power-Car-Amplifier-CA-3242-001.png,JEC
319,High Power Car Amplifier JEC CA-3243,Mosfet High Power 4 Channel Car Amplifier CA-3243,In Stock,new,24000,http://amanivehiclesounds.co.ke/product/high-power-car-amplifier-jec-ca-3243,http://amanivehiclesounds.co.ke/uploads/product/High-Power-Car-Amplifier-JEC-CA-3243-001.png,JEC
320,Space-saving Amplified Sub 150 Watts,Pioneer TS-WX210A is an active Subwoofer that is small and compact in size yet big in sound and performance.,In Stock,new,18500,http://amanivehiclesounds.co.ke/product/space-saving-amplified-sub-150-watts,http://amanivehiclesounds.co.ke/uploads/product/Space-saving-Amplified-Sub-150-Watts-001.png,Pioneer
321,TS-G1320F 13cm 2-Way Coaxial Speakers,This Pioneer Midrange speakers tap the Full potential in your cars Midrange,In Stock,new,3500,http://amanivehiclesounds.co.ke/product/ts-g1320f-13cm-2-way-coaxial-speakers,http://amanivehiclesounds.co.ke/uploads/product/TS-G1320F-13cm-2-Way-Coaxial-Speakers-001.png,Pioneer
322,TS-A2013I 20cm 3-Way Coaxial Speakers,Upgrade your factory Speakers with Pioneer ts-a2013i 500 watts Speakers to achieve punching bass and improved midrange frequency response.,In Stock,new,14500,http://amanivehiclesounds.co.ke/product/ts-a2013i-20cm-3-way-coaxial-speakers,http://amanivehiclesounds.co.ke/uploads/product/TS-A2013I-20cm-3-Way-Coaxial-Speakers-001.png,Pioneer
323,pioneer car speakers with Good Bass,"Car Door Speakers with high power output & good Bass, Pioneer TS-A1687S",In Stock,new,6500,http://amanivehiclesounds.co.ke/product/pioneer-car-speakers-with-good-bass,http://amanivehiclesounds.co.ke/uploads/product/pioneer-car-speakers-with-Good-Bass-001.png,Pioneer
324,JVC CS-GD1210 12 inch 1400W Subwoofer,Double coil Speaker in-car subwoofer with a maximum power output of 1400 watts and 12-inch speaker size.,In Stock,new,6500,http://amanivehiclesounds.co.ke/product/jvc-cs-gd1210-12-inch-1400w-subwoofer,http://amanivehiclesounds.co.ke/uploads/product/JVC-CS-GD1210-12-inch-1400W-Subwoofer-001.png,JVC
325,Sony XAV-AX5500 Car Stereo,"Enjoy Apple Carplay, Android Auto, Weblink & Bluetooth features all in the new Sony car radio XAV-ax5500.",In Stock,new,38000,http://amanivehiclesounds.co.ke/product/sony-xav-ax5500-car-stereo,http://amanivehiclesounds.co.ke/uploads/product/Sony-XAV-AX5500-Car-Stereo-001.png,Sony
326,Pioneer TS-W312D4 car Subwoofer,High-performance car subwoofer with a maximum power output of 1600 watts & RMS Power of 500 watts.,In Stock,new,7500,http://amanivehiclesounds.co.ke/product/pioneer-ts-w312d4-car-subwoofer,http://amanivehiclesounds.co.ke/uploads/product/Pioneer-TS-W312S4-car-Subwoofer-001.png,Pioneer
327,GM-E7004 4-channel bridgeable Booster,"Pioneer car booster,4 channel bridgeable",In Stock,new,10000,http://amanivehiclesounds.co.ke/product/gm-e7004-4-channel-bridgeable-booster,http://amanivehiclesounds.co.ke/uploads/product/GM-E7004-4-channel-bridgeable-Booster-001.png,Pioneer
328,Car Alarm system,Car Alarm system for the car.,In Stock,new,3000,http://amanivehiclesounds.co.ke/product/car-alarm-system,http://amanivehiclesounds.co.ke/uploads/product/Car-Alarm-system-001.png,Others
329,Afritec Car Alarm with Antihijack,Car Alarm system with cutoff / antihijack feature.,In Stock,new,6000,http://amanivehiclesounds.co.ke/product/afritec-car-alarm-with-antihijack,http://amanivehiclesounds.co.ke/uploads/product/Afritec-Car-Alarm-with-Antihijack-001.png,Others
